id,object,measure,type
sporck1,<music21.note.Rest dotted-whole>,1,GeneralNote
sporck2,<music21.note.Note B->,1,GeneralNote
sporck3,<music21.articulations.Fingering 1>,1,Fingering
sporck4,<music21.chord.Chord E-4 G-4>,1,GeneralNote
sporck5,<music21.note.Rest dotted-whole>,1,GeneralNote
sporck6,<music21.note.Rest quarter>,1,GeneralNote
sporck7,<music21.chord.Chord E-4 G-4>,1,GeneralNote
sporck8,<music21.note.Rest eighth>,1,GeneralNote
sporck9,<music21.note.Note B->,1,GeneralNote
sporck10,<music21.articulations.Fingering 1>,1,Fingering
sporck11,<music21.note.Note E->,1,GeneralNote
sporck12,<music21.articulations.Fingering 2>,1,Fingering
sporck13,<music21.chord.Chord E-4 G-4>,1,GeneralNote
sporck14,<music21.note.Note G->,1,GeneralNote
sporck15,<music21.articulations.Fingering 4>,1,Fingering
sporck1005,<music21.spanner.Slur <music21.note.Note B-><music21.note.Note G->>,1,Slur
sporck1045,<music21.dynamics.Dynamic p>,1,DynamicPoint
sporck1056,<music21.expressions.TextExpression 'Modérément...'>,1,TextExpression
sporck1057,<music21.expressions.TextExpression 'très soutenu'>,1,TextExpression
sporck1069,<music21.tempo.MetronomeMark Quarter=52.5 (playback only)>,1,TempoIndication
sporck1070,<music21.tempo.MetronomeMark andante Quarter=72>,1,TempoIndication
sporck1071,<music21.tempo.MetronomeMark Quarter=52.5 (playback only)>,1,MetronomeMark
sporck1072,<music21.tempo.MetronomeMark andante Quarter=72>,1,MetronomeMark
sporck16,<music21.note.Rest dotted-whole>,2,GeneralNote
sporck17,<music21.note.Note C->,2,GeneralNote
sporck18,<music21.articulations.Fingering 1>,2,Fingering
sporck19,<music21.chord.Chord E-4 A-4>,2,GeneralNote
sporck20,<music21.note.Rest dotted-whole>,2,GeneralNote
sporck21,<music21.note.Rest quarter>,2,GeneralNote
sporck22,<music21.chord.Chord E-4 A-4 C-5>,2,GeneralNote
sporck23,<music21.note.Rest eighth>,2,GeneralNote
sporck24,<music21.note.Note E->,2,GeneralNote
sporck25,<music21.articulations.Fingering 2>,2,Fingering
sporck26,<music21.note.Note A->,2,GeneralNote
sporck27,<music21.articulations.Fingering 4>,2,Fingering
sporck28,<music21.chord.Chord E-4 A-4 C-5>,2,GeneralNote
sporck29,<music21.note.Note C->,2,GeneralNote
sporck30,<music21.articulations.Fingering 5>,2,Fingering
sporck1006,<music21.spanner.Slur <music21.note.Note E-><music21.note.Note C->>,2,Slur
sporck31,<music21.note.Rest dotted-whole>,3,GeneralNote
sporck32,<music21.note.Note D>,3,GeneralNote
sporck33,<music21.articulations.Fingering 1>,3,Fingering
sporck34,<music21.chord.Chord E-4 F4 A-4>,3,GeneralNote
sporck35,<music21.note.Rest dotted-whole>,3,GeneralNote
sporck36,<music21.note.Rest quarter>,3,GeneralNote
sporck37,<music21.chord.Chord D4 F4 A-4>,3,GeneralNote
sporck38,<music21.note.Rest eighth>,3,GeneralNote
sporck39,<music21.note.Note F>,3,GeneralNote
sporck40,<music21.articulations.Fingering 5>,3,Fingering
sporck41,<music21.note.Note A->,3,GeneralNote
sporck42,<music21.articulations.Fingering 2>,3,Fingering
sporck43,<music21.chord.Chord D4 F4>,3,GeneralNote
sporck44,<music21.note.Note A->,3,GeneralNote
sporck45,<music21.note.Note G->,3,GeneralNote
sporck46,<music21.articulations.Fingering 1>,3,Fingering
sporck47,<music21.note.Note A->,3,GeneralNote
sporck48,<music21.articulations.Fingering 3>,3,Fingering
sporck49,<music21.note.Note B->,3,GeneralNote
sporck50,<music21.articulations.Fingering 5>,3,Fingering
sporck1007,<music21.spanner.Slur <music21.note.Note F><music21.note.Note E->>,3,Slur
sporck51,<music21.note.Note G->,4,GeneralNote
sporck52,<music21.note.Note G->,4,GeneralNote
sporck53,<music21.articulations.Fingering 3>,4,Fingering
sporck54,<music21.note.Note E->,4,GeneralNote
sporck55,<music21.note.Rest half>,4,GeneralNote
sporck56,<music21.note.Note A->,4,GeneralNote
sporck57,<music21.note.Note G->,4,GeneralNote
sporck58,<music21.note.Note A->,4,GeneralNote
sporck59,<music21.note.Note G->,4,GeneralNote
sporck60,<music21.note.Note F>,4,GeneralNote
sporck61,<music21.note.Note F>,4,GeneralNote
sporck62,<music21.articulations.Fingering 2>,4,Fingering
sporck63,<music21.note.Note E->,4,GeneralNote
sporck64,<music21.note.Note E->,4,GeneralNote
sporck65,<music21.articulations.Fingering 1>,4,Fingering
sporck66,<music21.note.Rest half>,4,GeneralNote
sporck67,<music21.note.Rest half>,4,GeneralNote
sporck68,<music21.note.Note G->,4,GeneralNote
sporck69,<music21.articulations.Fingering 5>,4,Fingering
sporck70,<music21.note.Rest quarter>,4,GeneralNote
sporck71,<music21.note.Rest eighth>,4,GeneralNote
sporck72,<music21.note.Note B->,4,GeneralNote
sporck73,<music21.articulations.Fingering 1>,4,Fingering
sporck74,<music21.note.Rest half>,4,GeneralNote
sporck75,<music21.note.Note G->,4,GeneralNote
sporck76,<music21.chord.Chord G-4 B-4 E-5>,4,GeneralNote
sporck77,<music21.note.Note G->,4,GeneralNote
sporck78,<music21.articulations.Fingering 2>,4,Fingering
sporck79,<music21.note.Note E->,4,GeneralNote
sporck1008,<music21.spanner.Slur <music21.note.Note B-><music21.note.Note B->>,4,Slur
sporck80,<music21.note.Rest dotted-whole>,5,GeneralNote
sporck81,<music21.note.Note G->,5,GeneralNote
sporck82,<music21.chord.Chord G-4 B-4 D-5>,5,GeneralNote
sporck83,<music21.note.Rest half>,5,GeneralNote
sporck84,<music21.note.Rest half>,5,GeneralNote
sporck85,<music21.note.Note B->,5,GeneralNote
sporck86,<music21.note.Rest half>,5,GeneralNote
sporck87,<music21.note.Rest half>,5,GeneralNote
sporck88,<music21.note.Rest quarter>,5,GeneralNote
sporck89,<music21.note.Rest quarter>,5,GeneralNote
sporck90,<music21.note.Rest quarter>,5,GeneralNote
sporck91,<music21.note.Note B->,5,GeneralNote
sporck92,<music21.chord.Chord D-3 G-3 B-3>,5,GeneralNote
sporck93,<music21.note.Rest 16th>,5,GeneralNote
sporck94,<music21.note.Rest 16th>,5,GeneralNote
sporck95,<music21.note.Rest 16th>,5,GeneralNote
sporck96,<music21.note.Note G->,5,GeneralNote
sporck97,<music21.articulations.Fingering 5>,5,Fingering
sporck98,<music21.note.Rest 16th>,5,GeneralNote
sporck99,<music21.note.Rest 16th>,5,GeneralNote
sporck100,<music21.note.Note F->,5,GeneralNote
sporck101,<music21.articulations.Fingering 4>,5,Fingering
sporck102,<music21.note.Rest 16th>,5,GeneralNote
sporck103,<music21.note.Rest 16th>,5,GeneralNote
sporck104,<music21.note.Note E->,5,GeneralNote
sporck105,<music21.articulations.Fingering 3>,5,Fingering
sporck106,<music21.note.Rest 16th>,5,GeneralNote
sporck107,<music21.note.Rest 16th>,5,GeneralNote
sporck108,<music21.note.Note F->,5,GeneralNote
sporck109,<music21.articulations.Fingering 5>,5,Fingering
sporck110,<music21.note.Rest dotted-quarter>,5,GeneralNote
sporck111,<music21.note.Rest dotted-quarter>,5,GeneralNote
sporck112,<music21.note.Note B->,5,GeneralNote
sporck113,<music21.chord.Chord D-3 G-3 B-3>,5,GeneralNote
sporck114,<music21.note.Note D->,5,GeneralNote
sporck115,<music21.articulations.Fingering 4>,5,Fingering
sporck116,<music21.note.Rest eighth>,5,GeneralNote
sporck117,<music21.note.Rest eighth>,5,GeneralNote
sporck1009,<music21.spanner.Slur <music21.note.Note G-><music21.note.Note E->>,5,Slur
sporck118,<music21.note.Rest dotted-whole>,6,GeneralNote
sporck119,<music21.note.Note E->,6,GeneralNote
sporck120,<music21.chord.Chord E-4 G-4 C-5>,6,GeneralNote
sporck121,<music21.chord.Chord G-3 C-4>,6,GeneralNote
sporck122,<music21.chord.Chord C-3 E-3>,6,GeneralNote
sporck123,<music21.note.Note E->,6,GeneralNote
sporck124,<music21.chord.Chord G-4 C-5>,6,GeneralNote
sporck125,<music21.note.Rest half>,6,GeneralNote
sporck126,<music21.note.Rest quarter>,6,GeneralNote
sporck127,<music21.note.Rest half>,6,GeneralNote
sporck128,<music21.note.Rest eighth>,6,GeneralNote
sporck129,<music21.note.Note G->,6,GeneralNote
sporck130,<music21.articulations.Fingering 1>,6,Fingering
sporck131,<music21.note.Note E->,6,GeneralNote
sporck132,<music21.chord.Chord G-4 C-5>,6,GeneralNote
sporck133,<music21.note.Rest half>,6,GeneralNote
sporck134,<music21.note.Note E->,6,GeneralNote
sporck135,<music21.articulations.Fingering 2>,6,Fingering
sporck136,<music21.note.Rest half>,6,GeneralNote
sporck137,<music21.note.Note C->,6,GeneralNote
sporck1010,<music21.spanner.Slur <music21.note.Note G-><music21.note.Note G>>,6,Slur
sporck138,<music21.note.Rest dotted-whole>,7,GeneralNote
sporck139,<music21.chord.Chord E-5 B-5>,7,GeneralNote
sporck141,<music21.note.Rest half>,7,GeneralNote
sporck142,<music21.note.Rest half>,7,GeneralNote
sporck143,<music21.note.Note G>,7,GeneralNote
sporck144,<music21.note.Rest half>,7,GeneralNote
sporck145,<music21.note.Rest half>,7,GeneralNote
sporck146,<music21.note.Rest quarter>,7,GeneralNote
sporck147,<music21.note.Rest quarter>,7,GeneralNote
sporck148,<music21.note.Rest quarter>,7,GeneralNote
sporck149,<music21.note.Note G>,7,GeneralNote
sporck150,<music21.chord.Chord B-2 E-3 G-3>,7,GeneralNote
sporck151,<music21.note.Rest 16th>,7,GeneralNote
sporck152,<music21.note.Rest 16th>,7,GeneralNote
sporck153,<music21.note.Rest 16th>,7,GeneralNote
sporck154,<music21.note.Note E->,7,GeneralNote
sporck155,<music21.note.Rest 16th>,7,GeneralNote
sporck156,<music21.note.Rest 16th>,7,GeneralNote
sporck157,<music21.note.Note D->,7,GeneralNote
sporck158,<music21.note.Rest 16th>,7,GeneralNote
sporck159,<music21.note.Rest 16th>,7,GeneralNote
sporck160,<music21.note.Note C->,7,GeneralNote
sporck161,<music21.note.Rest 16th>,7,GeneralNote
sporck162,<music21.note.Rest 16th>,7,GeneralNote
sporck163,<music21.note.Note D->,7,GeneralNote
sporck164,<music21.articulations.Fingering 4>,7,Fingering
sporck165,<music21.note.Rest dotted-quarter>,7,GeneralNote
sporck166,<music21.note.Rest dotted-quarter>,7,GeneralNote
sporck167,<music21.note.Note G>,7,GeneralNote
sporck168,<music21.chord.Chord B-2 E-3 G-3>,7,GeneralNote
sporck169,<music21.note.Note B->,7,GeneralNote
sporck170,<music21.note.Rest eighth>,7,GeneralNote
sporck171,<music21.note.Rest eighth>,7,GeneralNote
sporck1011,<music21.spanner.Slur <music21.note.Note E-><music21.note.Note A->>,7,Slur
sporck172,<music21.note.Rest dotted-whole>,8,GeneralNote
sporck173,<music21.note.Rest half>,8,GeneralNote
sporck174,<music21.note.Note C->,8,GeneralNote
sporck175,<music21.articulations.Fingering 3>,8,Fingering
sporck176,<music21.chord.Chord C-3 E-3 A-3>,8,GeneralNote
sporck177,<music21.note.Note A->,8,GeneralNote
sporck178,<music21.note.Note B->,8,GeneralNote
sporck179,<music21.articulations.Fingering 2>,8,Fingering
sporck180,<music21.note.Note A->,8,GeneralNote
sporck181,<music21.articulations.Fingering 1>,8,Fingering
sporck182,<music21.chord.Chord E-5 A-5 C-6>,8,GeneralNote
sporck183,<music21.articulations.Fingering 2>,8,Fingering
sporck184,<music21.articulations.Fingering 4>,8,Fingering
sporck185,<music21.articulations.Fingering 5>,8,Fingering
sporck186,<music21.note.Rest quarter>,8,GeneralNote
sporck187,<music21.note.Rest half>,8,GeneralNote
sporck188,<music21.note.Rest whole>,8,GeneralNote
sporck189,<music21.note.Rest half>,8,GeneralNote
sporck190,<music21.note.Rest eighth>,8,GeneralNote
sporck191,<music21.note.Note C->,8,GeneralNote
sporck192,<music21.articulations.Fingering 1>,8,Fingering
sporck193,<music21.chord.Chord E-5 A-5 C-6>,8,GeneralNote
sporck194,<music21.note.Note A->,8,GeneralNote
sporck195,<music21.articulations.Fingering 2>,8,Fingering
sporck196,<music21.note.Rest half>,8,GeneralNote
sporck197,<music21.note.Rest half>,8,GeneralNote
sporck198,<music21.note.Note F>,8,GeneralNote
sporck199,<music21.articulations.Fingering 3>,8,Fingering
sporck1012,<music21.spanner.Slur <music21.note.Note C-><music21.note.Note D>>,8,Slur
sporck200,<music21.note.Rest dotted-whole>,9,GeneralNote
sporck201,<music21.chord.Chord F5 A-5 C-6>,9,GeneralNote
sporck202,<music21.note.Note D>,9,GeneralNote
sporck203,<music21.note.Rest dotted-whole>,9,GeneralNote
sporck204,<music21.note.Rest quarter>,9,GeneralNote
sporck205,<music21.chord.Chord D4 F4 B-4>,9,GeneralNote
sporck206,<music21.note.Rest 16th>,9,GeneralNote
sporck207,<music21.note.Note B->,9,GeneralNote
sporck208,<music21.articulations.Fingering 4>,9,Fingering
sporck209,<music21.note.Note A->,9,GeneralNote
sporck210,<music21.note.Note G->,9,GeneralNote
sporck211,<music21.note.Note F>,9,GeneralNote
sporck212,<music21.chord.Chord D4 F4 B-4>,9,GeneralNote
sporck213,<music21.note.Note G->,9,GeneralNote
sporck214,<music21.note.Note F>,9,GeneralNote
sporck215,<music21.note.Note G->,9,GeneralNote
sporck216,<music21.note.Note A->,9,GeneralNote
sporck217,<music21.note.Note G->,9,GeneralNote
sporck218,<music21.note.Note A->,9,GeneralNote
sporck219,<music21.note.Note F>,9,GeneralNote
sporck220,<music21.articulations.Fingering 1>,9,Fingering
sporck1013,<music21.spanner.Slur <music21.note.Note B-><music21.note.Note E->>,9,Slur
sporck221,<music21.note.Rest dotted-whole>,10,GeneralNote
sporck222,<music21.note.Note G->,10,GeneralNote
sporck223,<music21.articulations.Fingering 3>,10,Fingering
sporck224,<music21.chord.Chord E-4 G-4 B-4>,10,GeneralNote
sporck225,<music21.note.Rest dotted-whole>,10,GeneralNote
sporck226,<music21.note.Note F>,10,GeneralNote
sporck227,<music21.articulations.Fingering 2>,10,Fingering
sporck228,<music21.note.Note E->,10,GeneralNote
sporck229,<music21.articulations.Fingering 1>,10,Fingering
sporck230,<music21.chord.Chord E-5 G-5 B-5>,10,GeneralNote
sporck231,<music21.articulations.Fingering 2>,10,Fingering
sporck232,<music21.articulations.Fingering 3>,10,Fingering
sporck233,<music21.articulations.Fingering 5>,10,Fingering
sporck234,<music21.note.Rest quarter>,10,GeneralNote
sporck235,<music21.note.Rest eighth>,10,GeneralNote
sporck236,<music21.note.Note G->,10,GeneralNote
sporck237,<music21.articulations.Fingering 1>,10,Fingering
sporck238,<music21.chord.Chord E-5 G-5 B-5>,10,GeneralNote
sporck239,<music21.note.Note E->,10,GeneralNote
sporck240,<music21.articulations.Fingering 2>,10,Fingering
sporck241,<music21.note.Note C>,10,GeneralNote
sporck242,<music21.articulations.Fingering 3>,10,Fingering
sporck243,<music21.note.Rest dotted-whole>,11,GeneralNote
sporck244,<music21.chord.Chord E-5 G-5 C6>,11,GeneralNote
sporck245,<music21.note.Note C>,11,GeneralNote
sporck246,<music21.note.Rest half>,11,GeneralNote
sporck247,<music21.note.Rest half>,11,GeneralNote
sporck248,<music21.note.Note A>,11,GeneralNote
sporck249,<music21.note.Rest half>,11,GeneralNote
sporck250,<music21.note.Rest half>,11,GeneralNote
sporck251,<music21.note.Rest quarter>,11,GeneralNote
sporck252,<music21.note.Rest quarter>,11,GeneralNote
sporck253,<music21.note.Rest quarter>,11,GeneralNote
sporck254,<music21.note.Note A>,11,GeneralNote
sporck255,<music21.chord.Chord C4 F4>,11,GeneralNote
sporck256,<music21.note.Rest 16th>,11,GeneralNote
sporck257,<music21.note.Rest 16th>,11,GeneralNote
sporck258,<music21.note.Rest 16th>,11,GeneralNote
sporck259,<music21.note.Note F>,11,GeneralNote
sporck260,<music21.articulations.Fingering 4>,11,Fingering
sporck261,<music21.note.Rest 16th>,11,GeneralNote
sporck262,<music21.note.Rest 16th>,11,GeneralNote
sporck263,<music21.note.Note E->,11,GeneralNote
sporck264,<music21.note.Rest 16th>,11,GeneralNote
sporck265,<music21.note.Rest 16th>,11,GeneralNote
sporck266,<music21.note.Note D->,11,GeneralNote
sporck267,<music21.note.Rest 16th>,11,GeneralNote
sporck268,<music21.note.Rest 16th>,11,GeneralNote
sporck269,<music21.note.Note C>,11,GeneralNote
sporck270,<music21.note.Rest 16th>,11,GeneralNote
sporck271,<music21.note.Rest 16th>,11,GeneralNote
sporck272,<music21.note.Note A>,11,GeneralNote
sporck273,<music21.chord.Chord C4 F4>,11,GeneralNote
sporck274,<music21.note.Note D->,11,GeneralNote
sporck275,<music21.note.Rest 16th>,11,GeneralNote
sporck276,<music21.note.Rest 16th>,11,GeneralNote
sporck277,<music21.note.Note C>,11,GeneralNote
sporck278,<music21.note.Rest 16th>,11,GeneralNote
sporck279,<music21.note.Rest 16th>,11,GeneralNote
sporck280,<music21.note.Note D->,11,GeneralNote
sporck281,<music21.note.Rest 16th>,11,GeneralNote
sporck282,<music21.note.Rest 16th>,11,GeneralNote
sporck283,<music21.note.Note E->,11,GeneralNote
sporck284,<music21.note.Rest 16th>,11,GeneralNote
sporck285,<music21.note.Rest 16th>,11,GeneralNote
sporck286,<music21.note.Note D->,11,GeneralNote
sporck287,<music21.note.Rest 16th>,11,GeneralNote
sporck288,<music21.note.Rest 16th>,11,GeneralNote
sporck289,<music21.note.Note E->,11,GeneralNote
sporck290,<music21.note.Rest 16th>,11,GeneralNote
sporck291,<music21.note.Rest 16th>,11,GeneralNote
sporck292,<music21.note.Note C>,11,GeneralNote
sporck293,<music21.note.Rest 16th>,11,GeneralNote
sporck294,<music21.note.Rest 16th>,11,GeneralNote
sporck1014,<music21.spanner.Slur <music21.note.Note F><music21.note.Note F>>,11,Slur
sporck295,<music21.note.Rest dotted-whole>,12,GeneralNote
sporck296,<music21.note.Note D->,12,GeneralNote
sporck297,<music21.articulations.Fingering 3>,12,Fingering
sporck298,<music21.chord.Chord D-4 F4>,12,GeneralNote
sporck299,<music21.note.Note B->,12,GeneralNote
sporck300,<music21.note.Note C>,12,GeneralNote
sporck301,<music21.note.Note B->,12,GeneralNote
sporck302,<music21.articulations.Fingering 1>,12,Fingering
sporck303,<music21.note.Note F>,12,GeneralNote
sporck304,<music21.articulations.Fingering 4>,12,Fingering
sporck305,<music21.chord.Chord D-4 F4>,12,GeneralNote
sporck306,<music21.note.Note B->,12,GeneralNote
sporck307,<music21.note.Note F>,12,GeneralNote
sporck308,<music21.note.Note G->,12,GeneralNote
sporck309,<music21.note.Note F>,12,GeneralNote
sporck310,<music21.note.Note E->,12,GeneralNote
sporck311,<music21.note.Note D->,12,GeneralNote
sporck312,<music21.chord.Chord D-4 F4>,12,GeneralNote
sporck313,<music21.note.Note B->,12,GeneralNote
sporck314,<music21.note.Note C>,12,GeneralNote
sporck315,<music21.note.Note B->,12,GeneralNote
sporck316,<music21.articulations.Fingering 4>,12,Fingering
sporck317,<music21.note.Note A->,12,GeneralNote
sporck318,<music21.note.Note G->,12,GeneralNote
sporck319,<music21.note.Note A->,12,GeneralNote
sporck320,<music21.note.Note F>,12,GeneralNote
sporck1015,<music21.spanner.Slur <music21.note.Note F><music21.note.Note G->>,12,Slur
sporck1058,<music21.expressions.TextExpression 'cresc.'>,12,TextExpression
sporck321,<music21.note.Rest dotted-whole>,13,GeneralNote
sporck322,<music21.note.Note G->,13,GeneralNote
sporck323,<music21.articulations.Fingering 21>,13,Fingering
sporck324,<music21.chord.Chord B-3 D-4>,13,GeneralNote
sporck325,<music21.note.Note E->,13,GeneralNote
sporck326,<music21.note.Note G->,13,GeneralNote
sporck327,<music21.note.Note B->,13,GeneralNote
sporck328,<music21.articulations.Fingering 2>,13,Fingering
sporck329,<music21.note.Note D->,13,GeneralNote
sporck330,<music21.note.Note G->,13,GeneralNote
sporck331,<music21.note.Note C>,13,GeneralNote
sporck332,<music21.chord.Chord E-3 B-3>,13,GeneralNote
sporck333,<music21.note.Note G->,13,GeneralNote
sporck334,<music21.note.Note F>,13,GeneralNote
sporck335,<music21.note.Note E->,13,GeneralNote
sporck336,<music21.note.Note D->,13,GeneralNote
sporck337,<music21.note.Note C>,13,GeneralNote
sporck338,<music21.note.Note C>,13,GeneralNote
sporck339,<music21.chord.Chord E-3 B-3>,13,GeneralNote
sporck340,<music21.note.Note E->,13,GeneralNote
sporck341,<music21.articulations.Fingering 4>,13,Fingering
sporck342,<music21.note.Note D->,13,GeneralNote
sporck343,<music21.note.Note C>,13,GeneralNote
sporck344,<music21.note.Note D->,13,GeneralNote
sporck345,<music21.note.Note E->,13,GeneralNote
sporck1016,<music21.spanner.Slur <music21.note.Note G-><music21.note.Note B->>,13,Slur
sporck346,<music21.note.Rest dotted-whole>,14,GeneralNote
sporck347,<music21.note.Note F>,14,GeneralNote
sporck348,<music21.note.Rest half>,14,GeneralNote
sporck349,<music21.note.Rest half>,14,GeneralNote
sporck350,<music21.note.Rest half>,14,GeneralNote
sporck351,<music21.note.Rest half>,14,GeneralNote
sporck352,<music21.note.Note C>,14,GeneralNote
sporck353,<music21.chord.Chord E-3 A3>,14,GeneralNote
sporck354,<music21.note.Note G>,14,GeneralNote
sporck355,<music21.note.Note A>,14,GeneralNote
sporck356,<music21.note.Note A>,14,GeneralNote
sporck357,<music21.note.Note G>,14,GeneralNote
sporck358,<music21.note.Note A>,14,GeneralNote
sporck359,<music21.note.Note B->,14,GeneralNote
sporck360,<music21.articulations.Fingering 5>,14,Fingering
sporck361,<music21.note.Rest quarter>,14,GeneralNote
sporck362,<music21.note.Note B->,14,GeneralNote
sporck363,<music21.chord.Chord D-3 F3>,14,GeneralNote
sporck364,<music21.note.Rest eighth>,14,GeneralNote
sporck365,<music21.note.Note F>,14,GeneralNote
sporck366,<music21.articulations.Fingering 2>,14,Fingering
sporck367,<music21.note.Note G->,14,GeneralNote
sporck368,<music21.articulations.Fingering 3>,14,Fingering
sporck369,<music21.note.Note B->,14,GeneralNote
sporck370,<music21.note.Note E->,14,GeneralNote
sporck371,<music21.note.Note E->,14,GeneralNote
sporck372,<music21.articulations.Fingering 2>,14,Fingering
sporck1017,<music21.spanner.Slur <music21.note.Note F><music21.note.Note D->>,14,Slur
sporck373,<music21.note.Rest dotted-whole>,15,GeneralNote
sporck374,<music21.note.Note B->,15,GeneralNote
sporck375,<music21.note.Note C>,15,GeneralNote
sporck376,<music21.note.Note F>,15,GeneralNote
sporck377,<music21.note.Note F>,15,GeneralNote
sporck378,<music21.note.Note C>,15,GeneralNote
sporck379,<music21.note.Note D->,15,GeneralNote
sporck380,<music21.note.Note C>,15,GeneralNote
sporck381,<music21.note.Note D->,15,GeneralNote
sporck382,<music21.note.Note E->,15,GeneralNote
sporck383,<music21.articulations.Fingering 3>,15,Fingering
sporck384,<music21.note.Note F>,15,GeneralNote
sporck385,<music21.note.Note F>,15,GeneralNote
sporck386,<music21.note.Note D->,15,GeneralNote
sporck387,<music21.note.Note C>,15,GeneralNote
sporck388,<music21.note.Note D->,15,GeneralNote
sporck389,<music21.note.Note E->,15,GeneralNote
sporck390,<music21.articulations.Fingering 3>,15,Fingering
sporck391,<music21.note.Note F>,15,GeneralNote
sporck392,<music21.articulations.Fingering 1>,15,Fingering
sporck393,<music21.note.Note E->,15,GeneralNote
sporck394,<music21.articulations.Fingering 2>,15,Fingering
sporck395,<music21.note.Note F>,15,GeneralNote
sporck396,<music21.articulations.Fingering 1>,15,Fingering
sporck397,<music21.note.Note A>,15,GeneralNote
sporck398,<music21.articulations.Fingering 5>,15,Fingering
sporck399,<music21.note.Note G->,15,GeneralNote
sporck400,<music21.articulations.Fingering 3>,15,Fingering
sporck401,<music21.note.Note F>,15,GeneralNote
sporck402,<music21.note.Note F>,15,GeneralNote
sporck403,<music21.note.Note F>,15,GeneralNote
sporck404,<music21.articulations.Fingering 1>,15,Fingering
sporck405,<music21.note.Note E->,15,GeneralNote
sporck406,<music21.articulations.Fingering 2>,15,Fingering
sporck407,<music21.note.Rest dotted-whole>,16,GeneralNote
sporck408,<music21.note.Note B->,16,GeneralNote
sporck409,<music21.articulations.Fingering 4>,16,Fingering
sporck410,<music21.note.Note D->,16,GeneralNote
sporck411,<music21.articulations.Fingering 1>,16,Fingering
sporck412,<music21.note.Note B->,16,GeneralNote
sporck413,<music21.chord.Chord F3 B-3>,16,GeneralNote
sporck414,<music21.note.Note C>,16,GeneralNote
sporck415,<music21.articulations.Fingering 5>,16,Fingering
sporck416,<music21.note.Note E->,16,GeneralNote
sporck417,<music21.articulations.Fingering 2>,16,Fingering
sporck418,<music21.note.Note D->,16,GeneralNote
sporck419,"<music21.articulations.Fingering 4
2
1>",16,Fingering
sporck420,<music21.chord.Chord F4 B-4>,16,GeneralNote
sporck421,<music21.note.Rest half>,16,GeneralNote
sporck422,<music21.note.Rest quarter>,16,GeneralNote
sporck423,<music21.note.Rest half>,16,GeneralNote
sporck424,<music21.note.Rest eighth>,16,GeneralNote
sporck425,<music21.note.Note B->,16,GeneralNote
sporck426,<music21.articulations.Fingering 4>,16,Fingering
sporck427,<music21.note.Note D->,16,GeneralNote
sporck428,<music21.chord.Chord F4 B-4>,16,GeneralNote
sporck429,<music21.note.Rest half>,16,GeneralNote
sporck430,<music21.note.Note D->,16,GeneralNote
sporck431,<music21.note.Rest half>,16,GeneralNote
sporck432,<music21.note.Note F>,16,GeneralNote
sporck1018,<music21.spanner.Slur <music21.note.Note C><music21.note.Note D->>,16,Slur
sporck1019,<music21.spanner.Slur <music21.note.Note D-><music21.note.Note G>>,16,Slur
sporck1059,<music21.expressions.TextExpression 'cresc.'>,16,TextExpression
sporck433,<music21.note.Rest dotted-whole>,17,GeneralNote
sporck434,<music21.note.Note D->,17,GeneralNote
sporck435,<music21.articulations.Fingering 4>,17,Fingering
sporck436,<music21.chord.Chord F-4 B-4>,17,GeneralNote
sporck437,<music21.note.Note G>,17,GeneralNote
sporck438,<music21.note.Note C->,17,GeneralNote
sporck439,<music21.articulations.Fingering 3>,17,Fingering
sporck440,<music21.note.Rest eighth>,17,GeneralNote
sporck441,<music21.note.Rest eighth>,17,GeneralNote
sporck442,<music21.note.Note B->,17,GeneralNote
sporck443,<music21.articulations.Fingering 2>,17,Fingering
sporck444,<music21.note.Note F->,17,GeneralNote
sporck445,"<music21.articulations.Fingering 4
2
1>",17,Fingering
sporck446,<music21.chord.Chord B-4 D-5>,17,GeneralNote
sporck447,<music21.note.Note G>,17,GeneralNote
sporck448,<music21.note.Note G>,17,GeneralNote
sporck449,<music21.note.Note B->,17,GeneralNote
sporck450,<music21.note.Note A->,17,GeneralNote
sporck451,<music21.note.Note G>,17,GeneralNote
sporck452,<music21.chord.Chord D-5 F-5>,17,GeneralNote
sporck453,<music21.chord.Chord B-4 D-5>,17,GeneralNote
sporck454,<music21.note.Note D->,17,GeneralNote
sporck455,<music21.note.Note E->,17,GeneralNote
sporck456,<music21.note.Rest eighth>,17,GeneralNote
sporck457,<music21.note.Rest eighth>,17,GeneralNote
sporck458,<music21.note.Note D->,17,GeneralNote
sporck1020,<music21.spanner.Slur <music21.note.Note D-><music21.note.Note F->>,17,Slur
sporck1021,<music21.spanner.Slur <music21.note.Note E-><music21.note.Note D->>,17,Slur
sporck1022,<music21.spanner.Slur <music21.note.Note B-><music21.note.Note G>>,17,Slur
sporck1023,<music21.spanner.Slur <music21.note.Note D-><music21.note.Note F->>,17,Slur
sporck459,<music21.note.Rest dotted-whole>,18,GeneralNote
sporck460,<music21.note.Note G>,18,GeneralNote
sporck461,"<music21.articulations.Fingering 5
2
1>",18,Fingering
sporck462,<music21.chord.Chord B-4 D-5>,18,GeneralNote
sporck463,<music21.note.Rest half>,18,GeneralNote
sporck464,<music21.note.Rest whole>,18,GeneralNote
sporck465,<music21.note.Rest half>,18,GeneralNote
sporck466,<music21.note.Rest whole>,18,GeneralNote
sporck467,<music21.note.Note D->,18,GeneralNote
sporck468,<music21.note.Note C->,18,GeneralNote
sporck469,<music21.note.Note B->,18,GeneralNote
sporck470,<music21.note.Note G>,18,GeneralNote
sporck471,<music21.chord.Chord B-4 D-5>,18,GeneralNote
sporck472,<music21.note.Rest half>,18,GeneralNote
sporck473,<music21.note.Rest half>,18,GeneralNote
sporck474,<music21.note.Note F->,18,GeneralNote
sporck475,<music21.note.Note E->,18,GeneralNote
sporck476,<music21.note.Note F->,18,GeneralNote
sporck477,<music21.note.Note F->,18,GeneralNote
sporck478,<music21.note.Rest eighth>,18,GeneralNote
sporck479,<music21.note.Rest eighth>,18,GeneralNote
sporck480,<music21.note.Note D->,18,GeneralNote
sporck481,<music21.articulations.Fingering 2>,18,Fingering
sporck482,<music21.note.Note E->,18,GeneralNote
sporck483,<music21.note.Note A->,18,GeneralNote
sporck484,<music21.note.Rest half>,18,GeneralNote
sporck485,<music21.chord.Chord C-5 E-5>,18,GeneralNote
sporck486,<music21.note.Rest half>,18,GeneralNote
sporck487,<music21.note.Note C->,18,GeneralNote
sporck488,<music21.note.Note B->,18,GeneralNote
sporck489,<music21.note.Note C->,18,GeneralNote
sporck490,<music21.note.Note A->,18,GeneralNote
sporck491,<music21.note.Rest dotted-whole>,19,GeneralNote
sporck492,<music21.note.Note A->,19,GeneralNote
sporck493,<music21.note.Rest half>,19,GeneralNote
sporck494,<music21.note.Rest half>,19,GeneralNote
sporck495,<music21.note.Rest half>,19,GeneralNote
sporck496,<music21.note.Rest half>,19,GeneralNote
sporck497,<music21.note.Note F->,19,GeneralNote
sporck498,<music21.note.Note G>,19,GeneralNote
sporck499,<music21.articulations.Fingering 2>,19,Fingering
sporck500,<music21.note.Note A->,19,GeneralNote
sporck501,<music21.note.Note F->,19,GeneralNote
sporck502,<music21.note.Note F->,19,GeneralNote
sporck503,<music21.note.Note B->,19,GeneralNote
sporck504,<music21.note.Note E->,19,GeneralNote
sporck505,<music21.note.Note D->,19,GeneralNote
sporck506,<music21.note.Note C->,19,GeneralNote
sporck507,<music21.chord.Chord E-5 A-5>,19,GeneralNote
sporck508,<music21.note.Note E->,19,GeneralNote
sporck509,<music21.note.Note D->,19,GeneralNote
sporck510,<music21.chord.Chord D-5 G5>,19,GeneralNote
sporck511,<music21.note.Note E->,19,GeneralNote
sporck512,<music21.articulations.Fingering 1>,19,Fingering
sporck513,<music21.note.Note B->,19,GeneralNote
sporck514,<music21.note.Note E->,19,GeneralNote
sporck1024,<music21.spanner.Slur <music21.note.Note F-><music21.note.Note A->>,19,Slur
sporck515,<music21.note.Rest dotted-whole>,20,GeneralNote
sporck516,<music21.note.Note A->,20,GeneralNote
sporck517,<music21.chord.Chord C-5 E-5>,20,GeneralNote
sporck518,<music21.note.Note A->,20,GeneralNote
sporck519,<music21.note.Note C->,20,GeneralNote
sporck520,<music21.note.Rest eighth>,20,GeneralNote
sporck521,<music21.note.Rest eighth>,20,GeneralNote
sporck522,<music21.note.Note F>,20,GeneralNote
sporck523,<music21.articulations.Fingering 2>,20,Fingering
sporck524,<music21.note.Rest dotted-quarter>,20,GeneralNote
sporck525,<music21.note.Rest dotted-quarter>,20,GeneralNote
sporck526,<music21.note.Rest quarter>,20,GeneralNote
sporck527,<music21.note.Rest eighth>,20,GeneralNote
sporck528,<music21.note.Note G->,20,GeneralNote
sporck529,<music21.note.Rest 16th>,20,GeneralNote
sporck530,<music21.note.Rest 16th>,20,GeneralNote
sporck531,<music21.note.Note C->,20,GeneralNote
sporck532,<music21.note.Note A->,20,GeneralNote
sporck533,<music21.note.Rest 16th>,20,GeneralNote
sporck534,<music21.note.Rest 16th>,20,GeneralNote
sporck535,<music21.note.Note D>,20,GeneralNote
sporck536,<music21.note.Rest dotted-quarter>,20,GeneralNote
sporck537,<music21.note.Rest dotted-quarter>,20,GeneralNote
sporck538,<music21.note.Note F>,20,GeneralNote
sporck539,<music21.articulations.Fingering 4>,20,Fingering
sporck540,<music21.note.Note E->,20,GeneralNote
sporck541,<music21.note.Rest 16th>,20,GeneralNote
sporck542,<music21.note.Rest 16th>,20,GeneralNote
sporck543,<music21.note.Note G->,20,GeneralNote
sporck544,<music21.articulations.Fingering 2>,20,Fingering
sporck545,<music21.note.Note F>,20,GeneralNote
sporck546,<music21.note.Rest 16th>,20,GeneralNote
sporck547,<music21.note.Rest 16th>,20,GeneralNote
sporck548,<music21.note.Note A->,20,GeneralNote
sporck1025,<music21.spanner.Slur <music21.note.Note C-><music21.note.Note B->>,20,Slur
sporck1060,<music21.expressions.TextExpression 'cresc.'>,20,TextExpression
sporck549,<music21.note.Rest dotted-whole>,21,GeneralNote
sporck550,<music21.note.Note B->,21,GeneralNote
sporck551,<music21.note.Note D>,21,GeneralNote
sporck552,<music21.articulations.Fingering 4>,21,Fingering
sporck553,<music21.note.Note A->,21,GeneralNote
sporck554,<music21.note.Note E->,21,GeneralNote
sporck555,<music21.articulations.Fingering 2>,21,Fingering
sporck556,<music21.note.Note F>,21,GeneralNote
sporck557,<music21.note.Note D>,21,GeneralNote
sporck558,<music21.articulations.Fingering 2>,21,Fingering
sporck559,<music21.note.Note B->,21,GeneralNote
sporck560,<music21.note.Note E->,21,GeneralNote
sporck561,<music21.note.Note A->,21,GeneralNote
sporck562,<music21.note.Note F>,21,GeneralNote
sporck563,<music21.note.Note B->,21,GeneralNote
sporck564,<music21.note.Note D>,21,GeneralNote
sporck565,<music21.note.Note C>,21,GeneralNote
sporck566,<music21.articulations.Fingering 3>,21,Fingering
sporck567,<music21.note.Note E->,21,GeneralNote
sporck568,<music21.note.Note D>,21,GeneralNote
sporck569,<music21.note.Note F>,21,GeneralNote
sporck570,<music21.articulations.Fingering 1>,21,Fingering
sporck1026,<music21.spanner.Slur <music21.note.Note A-><music21.note.Note C->>,21,Slur
sporck1027,<music21.spanner.Slur <music21.note.Note A-><music21.note.Note G>>,21,Slur
sporck571,<music21.note.Rest dotted-whole>,22,GeneralNote
sporck572,<music21.note.Note E->,22,GeneralNote
sporck573,<music21.articulations.Fingering 5>,22,Fingering
sporck574,<music21.note.Note G->,22,GeneralNote
sporck575,<music21.note.Note D->,22,GeneralNote
sporck576,<music21.articulations.Fingering 4>,22,Fingering
sporck577,<music21.note.Note C->,22,GeneralNote
sporck578,<music21.articulations.Fingering 3>,22,Fingering
sporck579,<music21.chord.Chord E-4 B-4 D-5>,22,GeneralNote
sporck580,<music21.note.Note G>,22,GeneralNote
sporck581,<music21.note.Note B->,22,GeneralNote
sporck582,<music21.articulations.Fingering 1>,22,Fingering
sporck583,<music21.chord.Chord E-4 B-4 D-5>,22,GeneralNote
sporck584,<music21.note.Note G>,22,GeneralNote
sporck585,<music21.articulations.Fingering 2>,22,Fingering
sporck586,<music21.note.Note E->,22,GeneralNote
sporck587,<music21.articulations.Fingering 3>,22,Fingering
sporck1028,<music21.spanner.Slur <music21.note.Note B-><music21.note.Note A->>,22,Slur
sporck588,<music21.note.Rest dotted-whole>,23,GeneralNote
sporck589,<music21.chord.Chord E-4 B-4 D-5>,23,GeneralNote
sporck590,<music21.note.Rest half>,23,GeneralNote
sporck591,<music21.note.Rest whole>,23,GeneralNote
sporck592,<music21.note.Rest half>,23,GeneralNote
sporck593,<music21.note.Rest whole>,23,GeneralNote
sporck594,<music21.note.Note A->,23,GeneralNote
sporck595,<music21.articulations.Fingering 5>,23,Fingering
sporck596,<music21.note.Note C->,23,GeneralNote
sporck597,<music21.note.Note B->,23,GeneralNote
sporck598,<music21.note.Note C->,23,GeneralNote
sporck599,<music21.note.Rest half>,23,GeneralNote
sporck600,<music21.note.Rest half>,23,GeneralNote
sporck601,<music21.note.Rest quarter>,23,GeneralNote
sporck602,<music21.note.Rest eighth>,23,GeneralNote
sporck603,<music21.note.Note C->,23,GeneralNote
sporck604,<music21.chord.Chord E-4 C-5>,23,GeneralNote
sporck605,<music21.note.Note A->,23,GeneralNote
sporck606,<music21.note.Note A->,23,GeneralNote
sporck607,<music21.note.Note F>,23,GeneralNote
sporck1029,<music21.spanner.Slur <music21.chord.Chord E-4 B-4 D-5><music21.note.Note C->>,23,Slur
sporck1030,<music21.spanner.Slur <music21.note.Note C-><music21.note.Note D>>,23,Slur
sporck608,<music21.note.Rest dotted-whole>,24,GeneralNote
sporck609,<music21.chord.Chord F4 A-4 C-5>,24,GeneralNote
sporck610,<music21.chord.Chord F3 A-3>,24,GeneralNote
sporck611,<music21.note.Note D>,24,GeneralNote
sporck612,<music21.note.Note B->,24,GeneralNote
sporck613,<music21.note.Note A->,24,GeneralNote
sporck614,<music21.note.Note F>,24,GeneralNote
sporck615,<music21.articulations.Fingering 5>,24,Fingering
sporck616,<music21.chord.Chord F3 B-3>,24,GeneralNote
sporck617,<music21.note.Note D>,24,GeneralNote
sporck618,<music21.note.Note C->,24,GeneralNote
sporck619,<music21.articulations.Fingering 1>,24,Fingering
sporck620,<music21.note.Note B->,24,GeneralNote
sporck621,<music21.articulations.Fingering 3>,24,Fingering
sporck622,<music21.chord.Chord F3 B-3>,24,GeneralNote
sporck623,<music21.note.Note D>,24,GeneralNote
sporck624,<music21.note.Note C->,24,GeneralNote
sporck625,<music21.articulations.Fingering 5>,24,Fingering
sporck626,<music21.note.Note A->,24,GeneralNote
sporck627,<music21.articulations.Fingering 4>,24,Fingering
sporck1031,<music21.spanner.Slur <music21.chord.Chord F4 A-4 C-5><music21.note.Note A->>,24,Slur
sporck628,<music21.note.Rest dotted-whole>,25,GeneralNote
sporck629,<music21.chord.Chord E-4 G-4>,25,GeneralNote
sporck630,<music21.articulations.Fingering 2>,25,Fingering
sporck631,<music21.articulations.Fingering 3>,25,Fingering
sporck632,<music21.chord.Chord G-3 B-3>,25,GeneralNote
sporck633,<music21.note.Note E->,25,GeneralNote
sporck634,<music21.note.Note G->,25,GeneralNote
sporck635,<music21.chord.Chord G-3 B-3>,25,GeneralNote
sporck636,<music21.note.Note E->,25,GeneralNote
sporck637,<music21.note.Note E->,25,GeneralNote
sporck638,<music21.articulations.Fingering 2>,25,Fingering
sporck639,<music21.note.Note F>,25,GeneralNote
sporck640,<music21.articulations.Fingering 1>,25,Fingering
sporck641,<music21.note.Note G->,25,GeneralNote
sporck642,<music21.note.Note A->,25,GeneralNote
sporck643,<music21.note.Note B->,25,GeneralNote
sporck644,<music21.note.Note C>,25,GeneralNote
sporck645,<music21.articulations.Fingering 1>,25,Fingering
sporck646,<music21.note.Note D>,25,GeneralNote
sporck647,<music21.note.Note E->,25,GeneralNote
sporck648,<music21.chord.Chord G-3 B-3>,25,GeneralNote
sporck649,<music21.chord.Chord E-3 G-3>,25,GeneralNote
sporck650,<music21.note.Note F>,25,GeneralNote
sporck651,<music21.articulations.Fingering 1>,25,Fingering
sporck652,<music21.note.Note G->,25,GeneralNote
sporck653,<music21.note.Note A->,25,GeneralNote
sporck654,<music21.articulations.Fingering 3>,25,Fingering
sporck655,<music21.note.Note G->,25,GeneralNote
sporck656,<music21.articulations.Fingering 2>,25,Fingering
sporck657,<music21.note.Note F>,25,GeneralNote
sporck658,<music21.articulations.Fingering 1>,25,Fingering
sporck659,<music21.note.Note G->,25,GeneralNote
sporck660,<music21.articulations.Fingering 5>,25,Fingering
sporck661,<music21.note.Note E->,25,GeneralNote
sporck662,<music21.articulations.Fingering 4>,25,Fingering
sporck1053,<music21.dynamics.Crescendo <music21.note.Note A-><music21.note.Note G->>,25,DynamicRegion
sporck1061,<music21.expressions.TextExpression 'Bien homog...'>,25,TextExpression
sporck663,<music21.note.Rest dotted-whole>,26,GeneralNote
sporck664,<music21.note.Note F->,26,GeneralNote
sporck665,<music21.chord.Chord F-4 A-4 C-5>,26,GeneralNote
sporck666,<music21.chord.Chord C-3 F-3 A-3>,26,GeneralNote
sporck667,<music21.note.Note A->,26,GeneralNote
sporck668,<music21.note.Note C->,26,GeneralNote
sporck669,<music21.note.Rest eighth>,26,GeneralNote
sporck670,<music21.note.Rest eighth>,26,GeneralNote
sporck671,<music21.note.Note B-->,26,GeneralNote
sporck672,<music21.articulations.Fingering 1>,26,Fingering
sporck673,<music21.note.Note A->,26,GeneralNote
sporck674,<music21.note.Rest half>,26,GeneralNote
sporck675,<music21.note.Rest half>,26,GeneralNote
sporck676,<music21.note.Rest half>,26,GeneralNote
sporck677,<music21.note.Rest half>,26,GeneralNote
sporck678,<music21.note.Note B-->,26,GeneralNote
sporck679,<music21.note.Note C->,26,GeneralNote
sporck680,<music21.note.Note F->,26,GeneralNote
sporck681,<music21.note.Rest half>,26,GeneralNote
sporck682,<music21.note.Rest half>,26,GeneralNote
sporck683,<music21.note.Rest half>,26,GeneralNote
sporck684,<music21.note.Rest half>,26,GeneralNote
sporck685,<music21.note.Note G->,26,GeneralNote
sporck686,<music21.note.Note A->,26,GeneralNote
sporck1032,<music21.spanner.Slur <music21.note.Note C-><music21.note.Note E->>,26,Slur
sporck1046,<music21.dynamics.Dynamic f>,26,DynamicPoint
sporck687,<music21.note.Rest dotted-whole>,27,GeneralNote
sporck688,<music21.note.Note D>,27,GeneralNote
sporck689,<music21.note.Note B->,27,GeneralNote
sporck690,<music21.chord.Chord A-2 F3>,27,GeneralNote
sporck691,<music21.note.Note F>,27,GeneralNote
sporck692,<music21.articulations.Fingering 2>,27,Fingering
sporck693,<music21.note.Note A->,27,GeneralNote
sporck694,<music21.note.Note C->,27,GeneralNote
sporck695,<music21.note.Rest half>,27,GeneralNote
sporck696,<music21.note.Rest half>,27,GeneralNote
sporck697,<music21.note.Rest half>,27,GeneralNote
sporck698,<music21.note.Note B->,27,GeneralNote
sporck699,<music21.articulations.Fingering 2>,27,Fingering
sporck700,<music21.note.Note A->,27,GeneralNote
sporck701,<music21.note.Note F>,27,GeneralNote
sporck702,<music21.note.Rest half>,27,GeneralNote
sporck703,<music21.note.Rest half>,27,GeneralNote
sporck704,<music21.note.Rest half>,27,GeneralNote
sporck705,<music21.note.Note E->,27,GeneralNote
sporck706,<music21.articulations.Fingering 2>,27,Fingering
sporck707,<music21.note.Note D>,27,GeneralNote
sporck708,<music21.note.Rest dotted-whole>,28,GeneralNote
sporck709,<music21.note.Note A>,28,GeneralNote
sporck710,<music21.articulations.Fingering 4>,28,Fingering
sporck711,<music21.note.Rest half>,28,GeneralNote
sporck712,<music21.note.Rest half>,28,GeneralNote
sporck713,<music21.note.Rest half>,28,GeneralNote
sporck714,<music21.note.Rest half>,28,GeneralNote
sporck715,<music21.note.Rest half>,28,GeneralNote
sporck716,<music21.note.Rest half>,28,GeneralNote
sporck717,<music21.note.Rest half>,28,GeneralNote
sporck718,<music21.note.Rest half>,28,GeneralNote
sporck719,<music21.note.Rest half>,28,GeneralNote
sporck720,<music21.note.Note B->,28,GeneralNote
sporck721,<music21.note.Note E->,28,GeneralNote
sporck722,<music21.articulations.Fingering 4>,28,Fingering
sporck723,<music21.chord.Chord G-4 B-4>,28,GeneralNote
sporck724,<music21.chord.Chord E-3 G-3 B-3>,28,GeneralNote
sporck725,<music21.note.Note B->,28,GeneralNote
sporck726,<music21.note.Note D>,28,GeneralNote
sporck727,<music21.articulations.Fingering 4>,28,Fingering
sporck728,<music21.chord.Chord F4 B-4>,28,GeneralNote
sporck729,<music21.chord.Chord F3 A-3 B-3>,28,GeneralNote
sporck730,<music21.note.Note B->,28,GeneralNote
sporck731,<music21.note.Note E->,28,GeneralNote
sporck1033,<music21.spanner.Slur <music21.note.Note D><music21.note.Note E->>,28,Slur
sporck732,<music21.note.Rest dotted-whole>,29,GeneralNote
sporck733,<music21.note.Note E->,29,GeneralNote
sporck734,<music21.articulations.Fingering 5>,29,Fingering
sporck735,<music21.note.Note B->,29,GeneralNote
sporck736,<music21.articulations.Fingering 3>,29,Fingering
sporck737,<music21.note.Note E->,29,GeneralNote
sporck738,<music21.note.Note C->,29,GeneralNote
sporck739,<music21.note.Note B->,29,GeneralNote
sporck740,<music21.note.Note A->,29,GeneralNote
sporck741,<music21.note.Note G>,29,GeneralNote
sporck742,<music21.note.Note A->,29,GeneralNote
sporck743,<music21.note.Note A->,29,GeneralNote
sporck744,<music21.articulations.Fingering 2>,29,Fingering
sporck745,<music21.note.Note E->,29,GeneralNote
sporck746,<music21.note.Note C->,29,GeneralNote
sporck747,<music21.note.Note A->,29,GeneralNote
sporck748,<music21.note.Note E->,29,GeneralNote
sporck749,<music21.note.Note C->,29,GeneralNote
sporck750,<music21.note.Note G>,29,GeneralNote
sporck751,<music21.note.Note A->,29,GeneralNote
sporck1047,<music21.dynamics.Dynamic fp>,29,DynamicPoint
sporck1062,<music21.expressions.TextExpression 'dolce'>,29,TextExpression
sporck752,<music21.note.Rest dotted-whole>,30,GeneralNote
sporck753,<music21.note.Note E->,30,GeneralNote
sporck754,<music21.articulations.Fingering 5>,30,Fingering
sporck755,<music21.note.Note B->,30,GeneralNote
sporck756,<music21.articulations.Fingering 1>,30,Fingering
sporck757,<music21.chord.Chord B-3 E-4>,30,GeneralNote
sporck758,<music21.note.Note G>,30,GeneralNote
sporck759,<music21.note.Note E->,30,GeneralNote
sporck760,<music21.chord.Chord B-3 E-4>,30,GeneralNote
sporck761,<music21.note.Note G>,30,GeneralNote
sporck762,<music21.note.Note E->,30,GeneralNote
sporck763,<music21.note.Note E->,30,GeneralNote
sporck764,<music21.note.Note D->,30,GeneralNote
sporck765,<music21.note.Note C->,30,GeneralNote
sporck766,<music21.note.Note D->,30,GeneralNote
sporck767,<music21.chord.Chord B-3 E-4>,30,GeneralNote
sporck768,<music21.note.Note G>,30,GeneralNote
sporck769,<music21.note.Note B->,30,GeneralNote
sporck1034,<music21.spanner.Slur <music21.note.Note E-><music21.note.Note C->>,30,Slur
sporck770,<music21.note.Rest dotted-whole>,31,GeneralNote
sporck771,<music21.note.Note C->,31,GeneralNote
sporck772,<music21.note.Note A->,31,GeneralNote
sporck773,<music21.chord.Chord C-4 E-4>,31,GeneralNote
sporck774,<music21.note.Note A->,31,GeneralNote
sporck775,<music21.note.Note C->,31,GeneralNote
sporck776,<music21.note.Note A->,31,GeneralNote
sporck777,<music21.note.Note E->,31,GeneralNote
sporck778,<music21.note.Note F->,31,GeneralNote
sporck779,<music21.note.Note C->,31,GeneralNote
sporck780,<music21.note.Note E->,31,GeneralNote
sporck781,<music21.note.Note C->,31,GeneralNote
sporck782,<music21.articulations.Fingering 4>,31,Fingering
sporck783,<music21.note.Note E->,31,GeneralNote
sporck784,<music21.note.Note B->,31,GeneralNote
sporck785,<music21.note.Rest eighth>,31,GeneralNote
sporck786,<music21.note.Rest eighth>,31,GeneralNote
sporck787,<music21.note.Note D->,31,GeneralNote
sporck788,<music21.note.Note A->,31,GeneralNote
sporck789,<music21.note.Note C->,31,GeneralNote
sporck790,<music21.note.Note B->,31,GeneralNote
sporck791,<music21.note.Rest half>,31,GeneralNote
sporck792,<music21.note.Rest half>,31,GeneralNote
sporck793,<music21.note.Note D->,31,GeneralNote
sporck794,<music21.note.Note F->,31,GeneralNote
sporck795,<music21.note.Note G>,31,GeneralNote
sporck796,<music21.note.Note B->,31,GeneralNote
sporck1035,<music21.spanner.Slur <music21.note.Note C-><music21.chord.Chord D4 A-4>>,31,Slur
sporck1036,<music21.spanner.Slur <music21.note.Note E-><music21.note.Note C->>,31,Slur
sporck797,<music21.note.Rest dotted-whole>,32,GeneralNote
sporck798,<music21.chord.Chord D4 A-4>,32,GeneralNote
sporck799,<music21.note.Note C->,32,GeneralNote
sporck800,<music21.note.Note F>,32,GeneralNote
sporck801,<music21.chord.Chord D4 A-4>,32,GeneralNote
sporck802,<music21.note.Note C->,32,GeneralNote
sporck803,<music21.note.Note F>,32,GeneralNote
sporck804,<music21.note.Note F>,32,GeneralNote
sporck805,<music21.note.Note G->,32,GeneralNote
sporck806,<music21.articulations.Fingering 2>,32,Fingering
sporck807,<music21.note.Note F>,32,GeneralNote
sporck808,<music21.note.Note E->,32,GeneralNote
sporck809,<music21.chord.Chord D4 A-4>,32,GeneralNote
sporck810,<music21.note.Note C->,32,GeneralNote
sporck811,<music21.note.Note F>,32,GeneralNote
sporck812,<music21.articulations.Fingering 3>,32,Fingering
sporck813,<music21.note.Note G->,32,GeneralNote
sporck814,<music21.articulations.Fingering 2>,32,Fingering
sporck815,<music21.note.Note A->,32,GeneralNote
sporck816,<music21.articulations.Fingering 1>,32,Fingering
sporck817,<music21.note.Note F>,32,GeneralNote
sporck818,<music21.articulations.Fingering 3>,32,Fingering
sporck819,<music21.note.Note G->,32,GeneralNote
sporck820,<music21.articulations.Fingering 2>,32,Fingering
sporck821,<music21.note.Note A->,32,GeneralNote
sporck822,<music21.articulations.Fingering 1>,32,Fingering
sporck1037,<music21.spanner.Slur <music21.note.Note G-><music21.note.Note D>>,32,Slur
sporck1063,<music21.expressions.TextExpression 'Le Basse p...'>,32,TextExpression
sporck823,<music21.note.Rest dotted-whole>,33,GeneralNote
sporck824,<music21.note.Note A->,33,GeneralNote
sporck825,<music21.chord.Chord C-4 F4>,33,GeneralNote
sporck826,<music21.note.Note D>,33,GeneralNote
sporck827,<music21.note.Note A->,33,GeneralNote
sporck828,<music21.chord.Chord C-4 F4>,33,GeneralNote
sporck829,<music21.note.Note D>,33,GeneralNote
sporck830,<music21.note.Note D>,33,GeneralNote
sporck831,<music21.note.Note E->,33,GeneralNote
sporck832,<music21.articulations.Fingering 2>,33,Fingering
sporck833,<music21.note.Note D>,33,GeneralNote
sporck834,<music21.note.Note C>,33,GeneralNote
sporck835,<music21.note.Note A->,33,GeneralNote
sporck836,<music21.chord.Chord C-4 F4>,33,GeneralNote
sporck837,<music21.note.Note D>,33,GeneralNote
sporck838,<music21.note.Note E->,33,GeneralNote
sporck839,<music21.note.Note F>,33,GeneralNote
sporck840,<music21.note.Note D>,33,GeneralNote
sporck841,<music21.note.Note E->,33,GeneralNote
sporck842,<music21.note.Note F>,33,GeneralNote
sporck1038,<music21.spanner.Slur <music21.note.Note E-><music21.note.Note C->>,33,Slur
sporck1064,<music21.expressions.TextExpression 'cresc.'>,33,TextExpression
sporck843,<music21.note.Rest dotted-whole>,34,GeneralNote
sporck844,<music21.note.Note A->,34,GeneralNote
sporck845,<music21.chord.Chord D4 F4>,34,GeneralNote
sporck846,<music21.note.Note C->,34,GeneralNote
sporck847,<music21.note.Note A->,34,GeneralNote
sporck848,<music21.chord.Chord D4 F4>,34,GeneralNote
sporck849,<music21.note.Note C->,34,GeneralNote
sporck850,<music21.note.Note C->,34,GeneralNote
sporck851,<music21.note.Note D->,34,GeneralNote
sporck852,<music21.articulations.Fingering 2>,34,Fingering
sporck853,<music21.note.Note C->,34,GeneralNote
sporck854,<music21.note.Note B->,34,GeneralNote
sporck855,<music21.note.Note A->,34,GeneralNote
sporck856,<music21.chord.Chord D4 F4>,34,GeneralNote
sporck857,<music21.note.Note C->,34,GeneralNote
sporck858,<music21.articulations.Fingering 1>,34,Fingering
sporck859,<music21.note.Note B->,34,GeneralNote
sporck860,<music21.articulations.Fingering 2>,34,Fingering
sporck861,<music21.note.Note A->,34,GeneralNote
sporck862,<music21.articulations.Fingering 3>,34,Fingering
sporck863,<music21.note.Note B->,34,GeneralNote
sporck864,<music21.articulations.Fingering 2>,34,Fingering
sporck865,<music21.note.Note C->,34,GeneralNote
sporck866,<music21.articulations.Fingering 1>,34,Fingering
sporck867,<music21.note.Note A->,34,GeneralNote
sporck868,<music21.note.Note B->,34,GeneralNote
sporck869,<music21.note.Note C->,34,GeneralNote
sporck1039,<music21.spanner.Slur <music21.note.Note D-><music21.note.Note D>>,34,Slur
sporck1048,<music21.dynamics.Dynamic sf>,34,DynamicPoint
sporck870,<music21.note.Rest dotted-whole>,35,GeneralNote
sporck871,<music21.note.Note C->,35,GeneralNote
sporck872,<music21.chord.Chord D4 F4 A-4>,35,GeneralNote
sporck873,<music21.note.Note D>,35,GeneralNote
sporck874,<music21.note.Note C->,35,GeneralNote
sporck875,<music21.note.Rest half>,35,GeneralNote
sporck876,<music21.note.Rest half>,35,GeneralNote
sporck877,<music21.note.Rest half>,35,GeneralNote
sporck878,<music21.note.Note B->,35,GeneralNote
sporck879,<music21.note.Note A->,35,GeneralNote
sporck880,<music21.note.Note G->,35,GeneralNote
sporck881,<music21.note.Note F>,35,GeneralNote
sporck882,<music21.articulations.Fingering 1>,35,Fingering
sporck883,<music21.note.Note E->,35,GeneralNote
sporck884,<music21.articulations.Fingering 2>,35,Fingering
sporck885,<music21.note.Note D>,35,GeneralNote
sporck886,<music21.articulations.Fingering 1>,35,Fingering
sporck887,<music21.note.Note F>,35,GeneralNote
sporck888,<music21.articulations.Fingering 3>,35,Fingering
sporck889,<music21.note.Note A->,35,GeneralNote
sporck890,<music21.articulations.Fingering 3>,35,Fingering
sporck891,<music21.note.Rest half>,35,GeneralNote
sporck892,<music21.note.Rest half>,35,GeneralNote
sporck893,<music21.note.Rest half>,35,GeneralNote
sporck894,<music21.note.Note C->,35,GeneralNote
sporck895,<music21.articulations.Fingering 1>,35,Fingering
sporck896,<music21.note.Note D>,35,GeneralNote
sporck897,<music21.articulations.Fingering 2>,35,Fingering
sporck898,<music21.note.Note F>,35,GeneralNote
sporck899,<music21.articulations.Fingering 3>,35,Fingering
sporck900,<music21.note.Note A->,35,GeneralNote
sporck901,<music21.articulations.Fingering 4>,35,Fingering
sporck902,<music21.note.Note C->,35,GeneralNote
sporck903,<music21.articulations.Fingering 5>,35,Fingering
sporck904,<music21.note.Note B->,35,GeneralNote
sporck905,<music21.articulations.Fingering 4>,35,Fingering
sporck906,<music21.note.Note D>,35,GeneralNote
sporck907,<music21.articulations.Fingering 1>,35,Fingering
sporck1040,<music21.spanner.Slur <music21.note.Note C-><music21.note.Note E->>,35,Slur
sporck1049,<music21.dynamics.Dynamic f>,35,DynamicPoint
sporck1055,<music21.dynamics.Diminuendo <music21.note.Note A-><music21.note.Note D>>,35,DynamicRegion
sporck1065,<music21.expressions.TextExpression 'Ne pressez...'>,35,TextExpression
sporck908,<music21.note.Rest dotted-whole>,36,GeneralNote
sporck909,<music21.note.Note E->,36,GeneralNote
sporck910,<music21.articulations.Fingering 5>,36,Fingering
sporck911,<music21.note.Rest half>,36,GeneralNote
sporck912,<music21.note.Rest half>,36,GeneralNote
sporck913,<music21.note.Rest half>,36,GeneralNote
sporck914,<music21.note.Rest half>,36,GeneralNote
sporck915,<music21.note.Rest quarter>,36,GeneralNote
sporck916,<music21.note.Rest eighth>,36,GeneralNote
sporck917,<music21.chord.Chord G-4 B-4>,36,GeneralNote
sporck918,<music21.articulations.Fingering 1>,36,Fingering
sporck919,<music21.articulations.Fingering 3>,36,Fingering
sporck920,<music21.chord.Chord E-2 E-3>,36,GeneralNote
sporck921,<music21.note.Note A->,36,GeneralNote
sporck922,"<music21.articulations.Fingering 4
2>",36,Fingering
sporck923,<music21.note.Note E->,36,GeneralNote
sporck924,<music21.chord.Chord B-2 E-3 G-3 B-3>,36,GeneralNote
sporck925,<music21.note.Note G->,36,GeneralNote
sporck926,<music21.note.Note F>,36,GeneralNote
sporck927,<music21.note.Note D>,36,GeneralNote
sporck928,<music21.chord.Chord B-2 F3 A-3 B-3>,36,GeneralNote
sporck929,<music21.note.Note E->,36,GeneralNote
sporck930,<music21.note.Note F>,36,GeneralNote
sporck1041,<music21.spanner.Slur <music21.chord.Chord G-4 B-4><music21.note.Note E->>,36,Slur
sporck1042,<music21.spanner.Slur <music21.note.Note A-><music21.note.Note G->>,36,Slur
sporck1066,<music21.expressions.TextExpression 'dim.'>,36,TextExpression
sporck931,<music21.note.Rest dotted-whole>,37,GeneralNote
sporck932,<music21.note.Note E->,37,GeneralNote
sporck933,<music21.chord.Chord E-3 G3 B-3 D-4>,37,GeneralNote
sporck934,<music21.note.Note E->,37,GeneralNote
sporck935,<music21.chord.Chord E-3 G3 B-3 D-4>,37,GeneralNote
sporck936,<music21.note.Note E->,37,GeneralNote
sporck937,<music21.note.Note F>,37,GeneralNote
sporck938,<music21.articulations.Fingering 1>,37,Fingering
sporck939,<music21.note.Note G>,37,GeneralNote
sporck940,<music21.articulations.Fingering 3>,37,Fingering
sporck941,<music21.note.Note A->,37,GeneralNote
sporck942,<music21.note.Note B->,37,GeneralNote
sporck943,<music21.chord.Chord E-3 G3 B-3 D-4>,37,GeneralNote
sporck944,<music21.note.Note B->,37,GeneralNote
sporck945,<music21.note.Note F->,37,GeneralNote
sporck946,<music21.articulations.Fingering 1>,37,Fingering
sporck947,<music21.note.Note E->,37,GeneralNote
sporck948,<music21.articulations.Fingering 3>,37,Fingering
sporck949,<music21.note.Note D->,37,GeneralNote
sporck950,<music21.articulations.Fingering 2>,37,Fingering
sporck1043,<music21.spanner.Slur <music21.note.Note F><music21.note.Note C->>,37,Slur
sporck1050,<music21.dynamics.Dynamic p>,37,DynamicPoint
sporck951,<music21.note.Rest dotted-whole>,38,GeneralNote
sporck952,<music21.note.Note C->,38,GeneralNote
sporck953,<music21.note.Note A->,38,GeneralNote
sporck954,<music21.note.Note E->,38,GeneralNote
sporck955,<music21.note.Note C->,38,GeneralNote
sporck956,<music21.note.Note A->,38,GeneralNote
sporck957,<music21.note.Note E->,38,GeneralNote
sporck958,<music21.note.Note E->,38,GeneralNote
sporck959,<music21.articulations.Fingering 2>,38,Fingering
sporck960,<music21.note.Note F>,38,GeneralNote
sporck961,<music21.articulations.Fingering 1>,38,Fingering
sporck962,<music21.note.Note G>,38,GeneralNote
sporck963,<music21.note.Note A->,38,GeneralNote
sporck964,<music21.note.Note B->,38,GeneralNote
sporck965,<music21.note.Note C->,38,GeneralNote
sporck966,<music21.articulations.Fingering 5>,38,Fingering
sporck967,<music21.note.Note A->,38,GeneralNote
sporck968,<music21.note.Note E->,38,GeneralNote
sporck969,<music21.note.Note C->,38,GeneralNote
sporck970,<music21.note.Note B->,38,GeneralNote
sporck971,<music21.note.Note A->,38,GeneralNote
sporck972,<music21.note.Note G->,38,GeneralNote
sporck973,<music21.note.Note F>,38,GeneralNote
sporck974,<music21.note.Note G->,38,GeneralNote
sporck975,<music21.note.Note A->,38,GeneralNote
sporck976,<music21.note.Note F>,38,GeneralNote
sporck977,<music21.articulations.Fingering 1>,38,Fingering
sporck1067,<music21.expressions.TextExpression 'dim.'>,38,TextExpression
sporck978,<music21.note.Rest dotted-whole>,39,GeneralNote
sporck979,<music21.note.Note D>,39,GeneralNote
sporck980,<music21.articulations.Fingering 5>,39,Fingering
sporck981,<music21.note.Rest quarter>,39,GeneralNote
sporck982,<music21.note.Note F>,39,GeneralNote
sporck983,<music21.note.Note E->,39,GeneralNote
sporck984,<music21.note.Rest eighth>,39,GeneralNote
sporck985,<music21.note.Note C->,39,GeneralNote
sporck986,<music21.articulations.Fingering 1>,39,Fingering
sporck987,<music21.note.Note B->,39,GeneralNote
sporck988,<music21.articulations.Fingering 2>,39,Fingering
sporck989,<music21.note.Note C->,39,GeneralNote
sporck990,<music21.articulations.Fingering 1>,39,Fingering
sporck991,<music21.note.Note F>,39,GeneralNote
sporck992,<music21.note.Note E->,39,GeneralNote
sporck993,<music21.note.Note B->,39,GeneralNote
sporck994,<music21.articulations.Fingering 3>,39,Fingering
sporck995,<music21.note.Note D>,39,GeneralNote
sporck996,"<music21.articulations.Fingering 5
2>",39,Fingering
sporck997,<music21.note.Rest half>,39,GeneralNote
sporck998,<music21.note.Note F>,39,GeneralNote
sporck999,<music21.note.Note E->,39,GeneralNote
sporck1000,<music21.note.Rest half>,39,GeneralNote
sporck1001,<music21.note.Note D>,39,GeneralNote
sporck1044,<music21.spanner.Slur <music21.note.Note D><music21.chord.Chord G3 B-3 E-4>>,39,Slur
sporck1051,<music21.dynamics.Dynamic pp>,39,DynamicPoint
sporck1068,<music21.expressions.TextExpression 'rallent.'>,39,TextExpression
sporck1002,<music21.note.Rest dotted-whole>,40,GeneralNote
sporck1003,<music21.chord.Chord G3 B-3 E-4>,40,GeneralNote
sporck1004,<music21.chord.Chord E-2 B-2 E-3>,40,GeneralNote
