measure_start,measure_end,object,value,id,quarterlength,offset,type
0,,<music21.note.Note A>,note,gilbert1,0.5,0.0,GeneralNote
0,,<music21.note.Rest dotted-half>,note,gilbert2,3.0,0.0,GeneralNote
0,,<music21.expressions.TextExpression 'Allegro'>,Allegro,gilbert792,0.0,0.0,TextExpression
0,,<music21.tempo.MetronomeMark Quarter=144 (playback only)>,None,gilbert793,0.0,0.0,TempoIndication
0,,<music21.tempo.MetronomeMark Quarter=144 (playback only)>,None None,gilbert794,0.0,0.0,MetronomeMark
1,,<music21.note.Note D>,note,gilbert3,0.5,3.0,GeneralNote
1,,<music21.chord.Chord D4 F4>,note,gilbert4,1.5,3.0,GeneralNote
1,,<music21.note.Rest dotted-half>,note,gilbert5,3.0,3.0,GeneralNote
1,,<music21.note.Note E>,note,gilbert6,0.5,3.5,GeneralNote
1,,<music21.note.Note F>,note,gilbert7,0.5,4.0,GeneralNote
1,,<music21.note.Note E>,note,gilbert8,0.5,4.5,GeneralNote
1,,<music21.chord.Chord C#4 E4>,note,gilbert9,1.5,4.5,GeneralNote
1,,<music21.note.Note A>,note,gilbert10,0.5,5.0,GeneralNote
1,,<music21.note.Note A>,note,gilbert11,0.5,5.5,GeneralNote
2,,<music21.note.Note F>,note,gilbert12,1.5,6.0,GeneralNote
2,,<music21.note.Note D>,note,gilbert13,0.5,6.0,GeneralNote
2,,<music21.note.Rest dotted-half>,note,gilbert14,3.0,6.0,GeneralNote
2,,<music21.note.Note F>,note,gilbert15,0.5,6.5,GeneralNote
2,,<music21.note.Note A>,note,gilbert16,0.5,7.0,GeneralNote
2,,<music21.note.Note E>,note,gilbert17,1.0,7.5,GeneralNote
2,,<music21.note.Note C>,note,gilbert18,0.5,7.5,GeneralNote
2,,<music21.note.Note F>,note,gilbert19,0.5,8.0,GeneralNote
2,,<music21.note.Note A>,note,gilbert20,0.5,8.5,GeneralNote
2,,<music21.note.Note A>,note,gilbert21,0.5,8.5,GeneralNote
3,,<music21.note.Note G>,note,gilbert22,0.5,9.0,GeneralNote
3,,<music21.note.Note D>,note,gilbert23,1.5,9.0,GeneralNote
3,,<music21.note.Note B->,note,gilbert24,1.5,9.0,GeneralNote
3,,<music21.note.Note B->,note,gilbert25,0.25,9.5,GeneralNote
3,,<music21.note.Note A>,note,gilbert26,0.25,9.75,GeneralNote
3,,<music21.note.Note G>,note,gilbert27,0.25,10.0,GeneralNote
3,,<music21.note.Note F>,note,gilbert28,0.25,10.25,GeneralNote
3,,<music21.note.Note E>,note,gilbert29,0.5,10.5,GeneralNote
3,,<music21.chord.Chord D4 E4>,note,gilbert30,1.5,10.5,GeneralNote
3,,<music21.note.Note G>,note,gilbert31,1.5,10.5,GeneralNote
3,,<music21.note.Note G>,note,gilbert32,0.25,11.0,GeneralNote
3,,<music21.note.Note F>,note,gilbert33,0.25,11.25,GeneralNote
3,,<music21.note.Note E>,note,gilbert34,0.25,11.5,GeneralNote
3,,<music21.note.Note D>,note,gilbert35,0.25,11.75,GeneralNote
4,,<music21.note.Note D>,note,gilbert36,1.0,12.0,GeneralNote
4,,<music21.note.Note A>,note,gilbert37,0.5,12.0,GeneralNote
4,,<music21.note.Note C#>,note,gilbert38,0.5,12.5,GeneralNote
4,,<music21.note.Note C#>,note,gilbert39,0.5,13.0,GeneralNote
4,,<music21.note.Note E>,note,gilbert40,0.5,13.0,GeneralNote
4,,<music21.note.Note C#>,note,gilbert41,1.0,13.5,GeneralNote
4,,<music21.note.Note A>,note,gilbert42,0.25,13.5,GeneralNote
4,,<music21.note.Note G>,note,gilbert43,0.25,13.75,GeneralNote
4,,<music21.note.Note F>,note,gilbert44,0.25,14.0,GeneralNote
4,,<music21.note.Note E>,note,gilbert45,0.25,14.25,GeneralNote
4,,<music21.note.Note A>,note,gilbert46,0.5,14.5,GeneralNote
4,,<music21.note.Note D>,note,gilbert47,0.5,14.5,GeneralNote
5,,<music21.note.Note C>,note,gilbert48,0.5,15.0,GeneralNote
5,,<music21.note.Note G>,note,gilbert49,1.0,15.0,GeneralNote
5,,<music21.note.Rest dotted-half>,note,gilbert50,3.0,15.0,GeneralNote
5,,<music21.note.Note B->,note,gilbert51,0.5,15.5,GeneralNote
5,,<music21.note.Note G>,note,gilbert52,0.5,16.0,GeneralNote
5,,<music21.note.Note G>,note,gilbert53,0.5,16.0,GeneralNote
5,,<music21.note.Note B->,note,gilbert54,0.5,16.5,GeneralNote
5,,<music21.note.Note F>,note,gilbert55,1.0,16.5,GeneralNote
5,,<music21.note.Note A>,note,gilbert56,0.5,17.0,GeneralNote
5,,<music21.note.Note F>,note,gilbert57,0.5,17.5,GeneralNote
5,,<music21.note.Note F>,note,gilbert58,0.5,17.5,GeneralNote
6,,<music21.note.Note A>,note,gilbert59,0.5,18.0,GeneralNote
6,,<music21.note.Note E>,note,gilbert60,1.0,18.0,GeneralNote
6,,<music21.note.Rest dotted-half>,note,gilbert61,3.0,18.0,GeneralNote
6,,<music21.note.Note G>,note,gilbert62,0.5,18.5,GeneralNote
6,,<music21.note.Note E>,note,gilbert63,0.5,19.0,GeneralNote
6,,<music21.note.Note E>,note,gilbert64,0.5,19.0,GeneralNote
6,,<music21.note.Note G>,note,gilbert65,0.5,19.5,GeneralNote
6,,<music21.note.Note D>,note,gilbert66,1.0,19.5,GeneralNote
6,,<music21.note.Note F>,note,gilbert67,0.5,20.0,GeneralNote
6,,<music21.note.Note D>,note,gilbert68,0.5,20.5,GeneralNote
6,,<music21.note.Note D>,note,gilbert69,0.5,20.5,GeneralNote
7,,<music21.note.Note F>,note,gilbert70,0.5,21.0,GeneralNote
7,,<music21.note.Note C>,note,gilbert71,1.0,21.0,GeneralNote
7,,<music21.note.Rest quarter>,note,gilbert72,1.0,21.0,GeneralNote
7,,<music21.note.Note E>,note,gilbert73,0.5,21.5,GeneralNote
7,,<music21.note.Note C>,note,gilbert74,0.5,22.0,GeneralNote
7,,<music21.note.Note C>,note,gilbert75,0.5,22.0,GeneralNote
7,,<music21.note.Rest eighth>,note,gilbert76,0.5,22.0,GeneralNote
7,,<music21.note.Note E>,note,gilbert77,0.5,22.5,GeneralNote
7,,<music21.note.Rest quarter>,note,gilbert78,1.0,22.5,GeneralNote
7,,<music21.note.Rest quarter>,note,gilbert79,1.0,22.5,GeneralNote
7,,<music21.note.Note B->,note,gilbert80,1.0,22.5,GeneralNote
7,,<music21.note.Note D>,note,gilbert81,0.5,23.0,GeneralNote
7,,<music21.note.Note B->,note,gilbert82,0.5,23.5,GeneralNote
7,,<music21.note.Rest eighth>,note,gilbert83,0.5,23.5,GeneralNote
7,,<music21.note.Rest eighth>,note,gilbert84,0.5,23.5,GeneralNote
7,,<music21.note.Note B->,note,gilbert85,0.5,23.5,GeneralNote
8,,<music21.note.Note C>,note,gilbert86,0.5,24.0,GeneralNote
8,,<music21.note.Note A>,note,gilbert87,0.5,24.0,GeneralNote
8,,<music21.note.Note D>,note,gilbert88,0.25,24.5,GeneralNote
8,,<music21.note.Note B->,note,gilbert89,0.25,24.5,GeneralNote
8,,<music21.note.Note E>,note,gilbert90,0.25,24.75,GeneralNote
8,,<music21.note.Note C>,note,gilbert91,0.25,24.75,GeneralNote
8,,<music21.note.Note F>,note,gilbert92,0.25,25.0,GeneralNote
8,,<music21.note.Note D>,note,gilbert93,0.25,25.0,GeneralNote
8,,<music21.note.Note G>,note,gilbert94,0.25,25.25,GeneralNote
8,,<music21.note.Note E>,note,gilbert95,0.25,25.25,GeneralNote
8,,<music21.note.Note A>,note,gilbert96,0.5,25.5,GeneralNote
8,,<music21.note.Note F>,note,gilbert97,0.5,25.5,GeneralNote
8,,<music21.note.Note G>,note,gilbert98,0.5,26.0,GeneralNote
8,,<music21.note.Note E>,note,gilbert99,0.5,26.0,GeneralNote
8,,<music21.note.Note F>,note,gilbert100,0.5,26.5,GeneralNote
8,,<music21.note.Note D>,note,gilbert101,0.5,26.5,GeneralNote
9,,<music21.note.Note E>,note,gilbert102,0.25,27.0,GeneralNote
9,,<music21.note.Note C>,note,gilbert103,0.25,27.0,GeneralNote
9,,<music21.note.Rest dotted-half>,note,gilbert104,3.0,27.0,GeneralNote
9,,<music21.note.Note F>,note,gilbert105,0.25,27.25,GeneralNote
9,,<music21.note.Note D>,note,gilbert106,0.25,27.25,GeneralNote
9,,<music21.note.Note G>,note,gilbert107,0.25,27.5,GeneralNote
9,,<music21.note.Note E>,note,gilbert108,0.25,27.5,GeneralNote
9,,<music21.note.Note A>,note,gilbert109,0.25,27.75,GeneralNote
9,,<music21.note.Note F>,note,gilbert110,0.25,27.75,GeneralNote
9,,<music21.note.Note B->,note,gilbert111,0.25,28.0,GeneralNote
9,,<music21.note.Note G>,note,gilbert112,0.25,28.0,GeneralNote
9,,<music21.note.Note C>,note,gilbert113,0.25,28.25,GeneralNote
9,,<music21.note.Note A>,note,gilbert114,0.25,28.25,GeneralNote
9,,<music21.note.Note D>,note,gilbert115,0.5,28.5,GeneralNote
9,,<music21.note.Note B->,note,gilbert116,0.5,28.5,GeneralNote
9,,<music21.note.Note C>,note,gilbert117,0.5,29.0,GeneralNote
9,,<music21.note.Note A>,note,gilbert118,0.5,29.0,GeneralNote
9,,<music21.note.Note B->,note,gilbert119,0.5,29.5,GeneralNote
9,,<music21.note.Note G>,note,gilbert120,0.5,29.5,GeneralNote
10,,<music21.note.Note A>,note,gilbert121,0.5,30.0,GeneralNote
10,,<music21.note.Note F>,note,gilbert122,0.5,30.0,GeneralNote
10,,<music21.note.Rest dotted-half>,note,gilbert123,3.0,30.0,GeneralNote
10,,<music21.note.Note B->,note,gilbert124,0.25,30.5,GeneralNote
10,,<music21.note.Note G>,note,gilbert125,0.25,30.5,GeneralNote
10,,<music21.note.Note C>,note,gilbert126,0.25,30.75,GeneralNote
10,,<music21.note.Note A>,note,gilbert127,0.25,30.75,GeneralNote
10,,<music21.note.Note D>,note,gilbert128,0.25,31.0,GeneralNote
10,,<music21.note.Note B->,note,gilbert129,0.25,31.0,GeneralNote
10,,<music21.note.Note E>,note,gilbert130,0.25,31.25,GeneralNote
10,,<music21.note.Note C>,note,gilbert131,0.25,31.25,GeneralNote
10,,<music21.note.Note F>,note,gilbert132,0.5,31.5,GeneralNote
10,,<music21.note.Note D>,note,gilbert133,0.5,31.5,GeneralNote
10,,<music21.note.Note E>,note,gilbert134,0.5,32.0,GeneralNote
10,,<music21.note.Note C>,note,gilbert135,0.5,32.0,GeneralNote
10,,<music21.note.Note D>,note,gilbert136,0.5,32.5,GeneralNote
10,,<music21.note.Note B->,note,gilbert137,0.5,32.5,GeneralNote
11,,<music21.note.Note C>,note,gilbert138,0.25,33.0,GeneralNote
11,,<music21.note.Note A>,note,gilbert139,0.25,33.0,GeneralNote
11,,<music21.note.Rest dotted-half>,note,gilbert140,3.0,33.0,GeneralNote
11,,<music21.note.Note D>,note,gilbert141,0.25,33.25,GeneralNote
11,,<music21.note.Note B->,note,gilbert142,0.25,33.25,GeneralNote
11,,<music21.note.Note E>,note,gilbert143,0.25,33.5,GeneralNote
11,,<music21.note.Note C>,note,gilbert144,0.25,33.5,GeneralNote
11,,<music21.note.Note F>,note,gilbert145,0.25,33.75,GeneralNote
11,,<music21.note.Note D>,note,gilbert146,0.25,33.75,GeneralNote
11,,<music21.note.Note G>,note,gilbert147,0.25,34.0,GeneralNote
11,,<music21.note.Note E>,note,gilbert148,0.25,34.0,GeneralNote
11,,<music21.note.Note A>,note,gilbert149,0.125,34.25,GeneralNote
11,,<music21.note.Note F>,note,gilbert150,0.125,34.25,GeneralNote
11,,<music21.note.Note B->,note,gilbert151,0.125,34.375,GeneralNote
11,,<music21.note.Note G>,note,gilbert152,0.125,34.375,GeneralNote
11,,<music21.note.Note C>,note,gilbert153,0.5,34.5,GeneralNote
11,,<music21.note.Note A>,note,gilbert154,0.5,34.5,GeneralNote
11,,<music21.note.Note B->,note,gilbert155,0.5,35.0,GeneralNote
11,,<music21.note.Note G>,note,gilbert156,0.5,35.0,GeneralNote
11,,<music21.note.Note A>,note,gilbert157,0.5,35.5,GeneralNote
11,,<music21.note.Note F>,note,gilbert158,0.5,35.5,GeneralNote
12,,<music21.note.Note G>,note,gilbert159,1.5,36.0,GeneralNote
12,,<music21.note.Note C>,note,gilbert160,1.5,36.0,GeneralNote
12,,<music21.note.Rest quarter>,note,gilbert161,1.0,36.0,GeneralNote
12,,<music21.note.Rest dotted-quarter>,note,gilbert162,1.5,36.0,GeneralNote
12,,<music21.note.Rest quarter>,note,gilbert163,1.0,36.0,GeneralNote
12,,<music21.note.Rest dotted-quarter>,note,gilbert164,1.5,36.0,GeneralNote
12,,<music21.note.Rest dotted-half>,note,gilbert165,3.0,36.0,GeneralNote
12,,<music21.note.Rest eighth>,note,gilbert166,0.5,37.0,GeneralNote
12,,<music21.note.Rest eighth>,note,gilbert167,0.5,37.0,GeneralNote
12,,<music21.note.Note G>,note,gilbert168,0.5,37.5,GeneralNote
12,,<music21.note.Rest quarter>,note,gilbert169,1.0,37.5,GeneralNote
12,,<music21.chord.Chord E4 G4>,note,gilbert170,1.5,37.5,GeneralNote
12,,<music21.note.Rest quarter>,note,gilbert171,1.0,37.5,GeneralNote
12,,<music21.note.Note C>,note,gilbert172,0.5,38.0,GeneralNote
12,,<music21.note.Note C>,note,gilbert173,0.5,38.5,GeneralNote
12,,<music21.note.Rest eighth>,note,gilbert174,0.5,38.5,GeneralNote
12,,<music21.note.Rest eighth>,note,gilbert175,0.5,38.5,GeneralNote
13,,<music21.note.Note D>,note,gilbert176,1.0,39.0,GeneralNote
13,,<music21.chord.Chord F4 A4>,note,gilbert177,1.5,39.0,GeneralNote
13,,<music21.note.Rest dotted-half>,note,gilbert178,3.0,39.0,GeneralNote
13,,<music21.note.Note C>,note,gilbert179,0.5,40.0,GeneralNote
13,,<music21.note.Note C>,note,gilbert180,0.5,40.5,GeneralNote
13,,<music21.chord.Chord E4 G4>,note,gilbert181,1.5,40.5,GeneralNote
13,,<music21.note.Note C>,note,gilbert182,0.5,41.0,GeneralNote
13,,<music21.note.Note C>,note,gilbert183,0.5,41.5,GeneralNote
14,,<music21.note.Note D>,note,gilbert184,1.0,42.0,GeneralNote
14,,<music21.chord.Chord F4 A4>,note,gilbert185,1.5,42.0,GeneralNote
14,,<music21.note.Rest quarter>,note,gilbert186,1.0,42.0,GeneralNote
14,,<music21.note.Rest dotted-quarter>,note,gilbert187,1.5,42.0,GeneralNote
14,,<music21.note.Rest quarter>,note,gilbert188,1.0,42.0,GeneralNote
14,,<music21.note.Rest dotted-quarter>,note,gilbert189,1.5,42.0,GeneralNote
14,,<music21.note.Rest dotted-half>,note,gilbert190,3.0,42.0,GeneralNote
14,,<music21.note.Note C>,note,gilbert191,0.5,43.0,GeneralNote
14,,<music21.note.Rest eighth>,note,gilbert192,0.5,43.0,GeneralNote
14,,<music21.note.Rest eighth>,note,gilbert193,0.5,43.0,GeneralNote
14,,<music21.note.Note C>,note,gilbert194,0.5,43.5,GeneralNote
14,,<music21.note.Note E>,note,gilbert195,0.5,43.5,GeneralNote
14,,<music21.note.Note G>,note,gilbert196,1.5,43.5,GeneralNote
14,,<music21.note.Note C>,note,gilbert197,0.5,44.0,GeneralNote
14,,<music21.note.Note D>,note,gilbert198,0.5,44.0,GeneralNote
14,,<music21.note.Note B->,note,gilbert199,0.5,44.5,GeneralNote
14,,<music21.note.Note C>,note,gilbert200,0.5,44.5,GeneralNote
15,,<music21.note.Note A>,note,gilbert201,0.5,45.0,GeneralNote
15,,<music21.note.Note A>,note,gilbert202,1.5,45.0,GeneralNote
15,,<music21.note.Note F>,note,gilbert203,1.0,45.0,GeneralNote
15,,<music21.note.Rest quarter>,note,gilbert204,1.0,45.0,GeneralNote
15,,<music21.note.Note G>,note,gilbert205,0.5,45.5,GeneralNote
15,,<music21.note.Note F>,note,gilbert206,0.5,46.0,GeneralNote
15,,<music21.note.Rest eighth>,note,gilbert207,0.5,46.0,GeneralNote
15,,<music21.note.Rest eighth>,note,gilbert208,0.5,46.0,GeneralNote
15,,<music21.note.Note B->,note,gilbert209,0.5,46.0,GeneralNote
15,,<music21.note.Note F>,note,gilbert210,0.5,46.5,GeneralNote
15,,<music21.note.Rest quarter>,note,gilbert211,1.0,46.5,GeneralNote
15,,<music21.note.Note A>,note,gilbert212,1.0,46.5,GeneralNote
15,,<music21.note.Rest quarter>,note,gilbert213,1.0,46.5,GeneralNote
15,,<music21.note.Note C>,note,gilbert214,1.5,46.5,GeneralNote
15,,<music21.note.Note G>,note,gilbert215,0.5,47.0,GeneralNote
15,,<music21.note.Note E>,note,gilbert216,0.5,47.5,GeneralNote
15,,<music21.note.Rest eighth>,note,gilbert217,0.5,47.5,GeneralNote
15,,<music21.note.Note G>,note,gilbert218,0.5,47.5,GeneralNote
15,,<music21.note.Rest eighth>,note,gilbert219,0.5,47.5,GeneralNote
16,,<music21.note.Note F>,note,gilbert220,1.5,48.0,GeneralNote
16,,<music21.note.Note F>,note,gilbert221,0.5,48.0,GeneralNote
16,,<music21.note.Rest dotted-half>,note,gilbert222,3.0,48.0,GeneralNote
16,,<music21.note.Note C>,note,gilbert223,0.5,48.5,GeneralNote
16,,<music21.note.Note F>,note,gilbert224,0.5,49.0,GeneralNote
16,,<music21.note.Note F>,note,gilbert225,0.5,49.5,GeneralNote
16,,<music21.note.Note C>,note,gilbert226,1.5,49.5,GeneralNote
16,,<music21.note.Note G>,note,gilbert227,0.5,50.0,GeneralNote
16,,<music21.note.Note C>,note,gilbert228,0.5,50.5,GeneralNote
17,,<music21.note.Note A>,note,gilbert229,1.5,51.0,GeneralNote
17,,<music21.note.Note F>,note,gilbert230,1.5,51.0,GeneralNote
17,,<music21.note.Note F>,note,gilbert231,0.5,51.0,GeneralNote
17,,<music21.note.Note C>,note,gilbert232,0.5,51.5,GeneralNote
17,,<music21.note.Note F>,note,gilbert233,0.5,52.0,GeneralNote
17,,<music21.note.Note A>,note,gilbert234,0.5,52.5,GeneralNote
17,,<music21.note.Note F>,note,gilbert235,1.0,52.5,GeneralNote
17,,<music21.note.Note C>,note,gilbert236,1.5,52.5,GeneralNote
17,,<music21.note.Note G>,note,gilbert237,0.5,53.0,GeneralNote
17,,<music21.note.Note C>,note,gilbert238,0.5,53.5,GeneralNote
17,,<music21.note.Rest eighth>,note,gilbert239,0.5,53.5,GeneralNote
17,,<music21.note.Rest eighth>,note,gilbert240,0.5,53.5,GeneralNote
18,,<music21.note.Note A>,note,gilbert241,1.5,54.0,GeneralNote
18,,<music21.note.Note F>,note,gilbert242,1.5,54.0,GeneralNote
18,,<music21.note.Note F>,note,gilbert243,0.5,54.0,GeneralNote
18,,<music21.note.Note C>,note,gilbert244,0.5,54.5,GeneralNote
18,,<music21.note.Note F>,note,gilbert245,0.5,55.0,GeneralNote
18,,<music21.note.Note A>,note,gilbert246,0.5,55.5,GeneralNote
18,,<music21.note.Note F>,note,gilbert247,1.0,55.5,GeneralNote
18,,<music21.note.Note C>,note,gilbert248,1.0,55.5,GeneralNote
18,,<music21.note.Note G>,note,gilbert249,0.5,56.0,GeneralNote
18,,<music21.note.Note C>,note,gilbert250,0.5,56.5,GeneralNote
18,,<music21.note.Note E>,note,gilbert251,0.5,56.5,GeneralNote
18,,<music21.note.Rest eighth>,note,gilbert252,0.5,56.5,GeneralNote
19,,<music21.note.Note F>,note,gilbert253,0.5,57.0,GeneralNote
19,,<music21.note.Note F>,note,gilbert254,1.0,57.0,GeneralNote
19,,<music21.note.Note A>,note,gilbert255,0.5,57.0,GeneralNote
19,,<music21.note.Rest quarter>,note,gilbert256,1.0,57.0,GeneralNote
19,,<music21.note.Note G>,note,gilbert257,0.5,57.5,GeneralNote
19,,<music21.note.Note B->,note,gilbert258,0.5,57.5,GeneralNote
19,,<music21.note.Note A>,note,gilbert259,0.5,58.0,GeneralNote
19,,<music21.note.Rest eighth>,note,gilbert260,0.5,58.0,GeneralNote
19,,<music21.note.Note C>,note,gilbert261,0.5,58.0,GeneralNote
19,,<music21.note.Rest eighth>,note,gilbert262,0.5,58.0,GeneralNote
19,,<music21.note.Rest eighth>,note,gilbert263,0.5,58.0,GeneralNote
19,,<music21.note.Note A>,note,gilbert264,0.5,58.5,GeneralNote
19,,<music21.chord.Chord D4 F4>,note,gilbert265,1.5,58.5,GeneralNote
19,,<music21.note.Note C>,note,gilbert266,0.5,58.5,GeneralNote
19,,<music21.note.Note B->,note,gilbert267,1.5,58.5,GeneralNote
19,,<music21.note.Note G>,note,gilbert268,0.5,59.0,GeneralNote
19,,<music21.note.Note B->,note,gilbert269,0.5,59.0,GeneralNote
19,,<music21.note.Note F>,note,gilbert270,0.5,59.5,GeneralNote
19,,<music21.note.Note A>,note,gilbert271,0.5,59.5,GeneralNote
20,,<music21.note.Note G>,note,gilbert272,0.25,60.0,GeneralNote
20,,<music21.note.Note C>,note,gilbert273,1.5,60.0,GeneralNote
20,,<music21.note.Note C>,note,gilbert274,1.5,60.0,GeneralNote
20,,<music21.note.Note F>,note,gilbert275,0.25,60.25,GeneralNote
20,,<music21.note.Note E>,note,gilbert276,0.25,60.5,GeneralNote
20,,<music21.note.Note D>,note,gilbert277,0.25,60.75,GeneralNote
20,,<music21.note.Note C>,note,gilbert278,0.25,61.0,GeneralNote
20,,<music21.note.Note B->,note,gilbert279,0.25,61.25,GeneralNote
20,,<music21.note.Note A>,note,gilbert280,0.25,61.5,GeneralNote
20,,<music21.note.Rest quarter>,note,gilbert281,1.0,61.5,GeneralNote
20,,<music21.note.Rest quarter>,note,gilbert282,1.0,61.5,GeneralNote
20,,<music21.note.Rest quarter>,note,gilbert283,1.0,61.5,GeneralNote
20,,<music21.note.Note G>,note,gilbert284,0.25,61.75,GeneralNote
20,,<music21.note.Note F>,note,gilbert285,0.25,62.0,GeneralNote
20,,<music21.note.Note E>,note,gilbert286,0.25,62.25,GeneralNote
20,,<music21.note.Note D>,note,gilbert287,0.25,62.5,GeneralNote
20,,<music21.note.Rest eighth>,note,gilbert288,0.5,62.5,GeneralNote
20,,<music21.note.Rest eighth>,note,gilbert289,0.5,62.5,GeneralNote
20,,<music21.note.Rest eighth>,note,gilbert290,0.5,62.5,GeneralNote
20,,<music21.note.Note C>,note,gilbert291,0.25,62.75,GeneralNote
21,,<music21.note.Note A>,note,gilbert292,1.5,63.0,GeneralNote
21,,<music21.note.Note F>,note,gilbert293,1.5,63.0,GeneralNote
21,,<music21.note.Note F>,note,gilbert294,0.5,63.0,GeneralNote
21,,<music21.note.Note C>,note,gilbert295,0.5,63.5,GeneralNote
21,,<music21.note.Note F>,note,gilbert296,0.5,64.0,GeneralNote
21,,<music21.note.Note A>,note,gilbert297,0.5,64.5,GeneralNote
21,,<music21.note.Note F>,note,gilbert298,0.5,64.5,GeneralNote
21,,<music21.note.Note C>,note,gilbert299,1.5,64.5,GeneralNote
21,,<music21.note.Note G>,note,gilbert300,0.5,65.0,GeneralNote
21,,<music21.note.Rest eighth>,note,gilbert301,0.5,65.0,GeneralNote
21,,<music21.note.Rest eighth>,note,gilbert302,0.5,65.0,GeneralNote
21,,<music21.note.Note C>,note,gilbert303,0.5,65.5,GeneralNote
21,,<music21.note.Rest eighth>,note,gilbert304,0.5,65.5,GeneralNote
21,,<music21.note.Rest eighth>,note,gilbert305,0.5,65.5,GeneralNote
22,,<music21.note.Note A>,note,gilbert306,1.5,66.0,GeneralNote
22,,<music21.note.Note F>,note,gilbert307,1.5,66.0,GeneralNote
22,,<music21.note.Note F>,note,gilbert308,0.5,66.0,GeneralNote
22,,<music21.note.Note C>,note,gilbert309,0.5,66.5,GeneralNote
22,,<music21.note.Note F>,note,gilbert310,0.5,67.0,GeneralNote
22,,<music21.note.Note A>,note,gilbert311,0.5,67.5,GeneralNote
22,,<music21.note.Note F>,note,gilbert312,0.5,67.5,GeneralNote
22,,<music21.note.Note C>,note,gilbert313,1.5,67.5,GeneralNote
22,,<music21.note.Note G>,note,gilbert314,0.5,68.0,GeneralNote
22,,<music21.note.Rest eighth>,note,gilbert315,0.5,68.0,GeneralNote
22,,<music21.note.Rest eighth>,note,gilbert316,0.5,68.0,GeneralNote
22,,<music21.note.Note C>,note,gilbert317,0.5,68.5,GeneralNote
22,,<music21.note.Rest eighth>,note,gilbert318,0.5,68.5,GeneralNote
22,,<music21.note.Rest eighth>,note,gilbert319,0.5,68.5,GeneralNote
23,,<music21.note.Note A>,note,gilbert320,0.5,69.0,GeneralNote
23,,<music21.note.Note F>,note,gilbert321,1.0,69.0,GeneralNote
23,,<music21.note.Note F>,note,gilbert322,1.0,69.0,GeneralNote
23,,<music21.note.Note G>,note,gilbert323,0.5,69.5,GeneralNote
23,,<music21.note.Note F>,note,gilbert324,0.5,70.0,GeneralNote
23,,<music21.note.Note D>,note,gilbert325,0.5,70.0,GeneralNote
23,,<music21.note.Note B->,note,gilbert326,0.5,70.0,GeneralNote
23,,<music21.note.Note A>,note,gilbert327,0.5,70.5,GeneralNote
23,,<music21.note.Note F>,note,gilbert328,0.5,70.5,GeneralNote
23,,<music21.note.Note C>,note,gilbert329,1.0,70.5,GeneralNote
23,,<music21.note.Note B->,note,gilbert330,0.5,71.0,GeneralNote
23,,<music21.note.Note G>,note,gilbert331,0.5,71.0,GeneralNote
23,,<music21.note.Note G>,note,gilbert332,0.5,71.5,GeneralNote
23,,<music21.note.Note E>,note,gilbert333,0.5,71.5,GeneralNote
23,,<music21.note.Note C>,note,gilbert334,0.5,71.5,GeneralNote
24,,<music21.note.Note F>,note,gilbert335,0.5,72.0,GeneralNote
24,,<music21.note.Note F>,note,gilbert336,1.5,72.0,GeneralNote
24,,<music21.note.Note G>,note,gilbert337,0.125,72.5,GeneralNote
24,,<music21.note.Note A>,note,gilbert338,0.125,72.625,GeneralNote
24,,<music21.note.Note B->,note,gilbert339,0.125,72.75,GeneralNote
24,,<music21.note.Note C>,note,gilbert340,0.125,72.875,GeneralNote
24,,<music21.note.Note D>,note,gilbert341,0.125,73.0,GeneralNote
24,,<music21.note.Note E>,note,gilbert342,0.125,73.125,GeneralNote
24,,<music21.note.Note F>,note,gilbert343,0.125,73.25,GeneralNote
24,,<music21.note.Note G>,note,gilbert344,0.125,73.375,GeneralNote
24,,<music21.note.Note A>,note,gilbert345,0.5,73.5,GeneralNote
24,,<music21.chord.Chord F2 F3>,note,gilbert346,1.5,73.5,GeneralNote
24,,<music21.note.Note C>,note,gilbert347,0.5,74.0,GeneralNote
24,,<music21.note.Note C>,note,gilbert348,0.5,74.5,GeneralNote
24,24,<music21.spanner.Slur <music21.note.Note F><music21.note.Note G>>,slur,gilbert780,1.375,0.0,Slur
25,,<music21.note.Note A>,note,gilbert349,0.5,75.0,GeneralNote
25,,<music21.chord.Chord F2 F3>,note,gilbert350,1.5,75.0,GeneralNote
25,,<music21.note.Note C>,note,gilbert351,0.5,75.5,GeneralNote
25,,<music21.note.Note C>,note,gilbert352,0.5,76.0,GeneralNote
25,,<music21.note.Note A>,note,gilbert353,0.5,76.5,GeneralNote
25,,<music21.chord.Chord F2 F3>,note,gilbert354,1.5,76.5,GeneralNote
25,,<music21.note.Note C>,note,gilbert355,0.5,77.0,GeneralNote
25,,<music21.note.Note C>,note,gilbert356,0.5,77.5,GeneralNote
26,,<music21.note.Note A>,note,gilbert357,1.5,78.0,GeneralNote
26,,<music21.note.Note F>,note,gilbert358,1.5,78.0,GeneralNote
26,,<music21.chord.Chord F2 F3>,note,gilbert359,1.5,78.0,GeneralNote
26,,<music21.note.Note A>,note,gilbert360,1.0,79.5,GeneralNote
26,,<music21.note.Note F>,note,gilbert361,1.0,79.5,GeneralNote
26,,<music21.chord.Chord F2 F3>,note,gilbert362,1.0,79.5,GeneralNote
26,,<music21.note.Note C>,note,gilbert363,0.5,80.5,GeneralNote
26,,<music21.note.Rest dotted-half>,note,gilbert364,3.0,80.5,GeneralNote
27,,<music21.note.Note F>,note,gilbert365,0.5,83.5,GeneralNote
27,,<music21.note.Note C>,note,gilbert366,1.5,83.5,GeneralNote
27,,<music21.chord.Chord F3 A3>,note,gilbert367,1.5,83.5,GeneralNote
27,,<music21.note.Note G>,note,gilbert368,0.5,84.0,GeneralNote
27,,<music21.note.Note A>,note,gilbert369,0.5,84.5,GeneralNote
27,,<music21.note.Note G>,note,gilbert370,0.5,85.0,GeneralNote
27,,<music21.note.Note C>,note,gilbert371,1.5,85.0,GeneralNote
27,,<music21.chord.Chord E3 G3>,note,gilbert372,1.5,85.0,GeneralNote
27,,<music21.note.Note A>,note,gilbert373,0.5,85.5,GeneralNote
27,,<music21.note.Note B->,note,gilbert374,0.5,86.0,GeneralNote
28,,<music21.note.Note A>,note,gilbert375,0.5,86.5,GeneralNote
28,,<music21.note.Note C>,note,gilbert376,1.5,86.5,GeneralNote
28,,<music21.chord.Chord F3 A3>,note,gilbert377,1.5,86.5,GeneralNote
28,,<music21.note.Note B->,note,gilbert378,0.5,87.0,GeneralNote
28,,<music21.note.Note C>,note,gilbert379,0.5,87.5,GeneralNote
28,,<music21.note.Note C>,note,gilbert380,0.5,88.0,GeneralNote
28,,<music21.note.Note C>,note,gilbert381,1.5,88.0,GeneralNote
28,,<music21.chord.Chord E-3 G3>,note,gilbert382,1.5,88.0,GeneralNote
28,,<music21.note.Note D>,note,gilbert383,0.5,88.5,GeneralNote
28,,<music21.note.Note E->,note,gilbert384,0.5,89.0,GeneralNote
29,,<music21.note.Note G>,note,gilbert385,0.5,89.5,GeneralNote
29,,<music21.note.Note D>,note,gilbert386,1.5,89.5,GeneralNote
29,,<music21.chord.Chord D3 A3>,note,gilbert387,1.5,89.5,GeneralNote
29,,<music21.note.Note F#>,note,gilbert388,0.5,90.0,GeneralNote
29,,<music21.note.Note G>,note,gilbert389,0.5,90.5,GeneralNote
29,,<music21.note.Note A>,note,gilbert390,0.5,91.0,GeneralNote
29,,<music21.note.Note D>,note,gilbert391,1.5,91.0,GeneralNote
29,,<music21.chord.Chord F#3 A3>,note,gilbert392,1.5,91.0,GeneralNote
29,,<music21.note.Note B->,note,gilbert393,0.5,91.5,GeneralNote
29,,<music21.note.Note C>,note,gilbert394,0.5,92.0,GeneralNote
30,,<music21.note.Note B->,note,gilbert395,0.5,92.5,GeneralNote
30,,<music21.note.Note D>,note,gilbert396,1.5,92.5,GeneralNote
30,,<music21.chord.Chord G3 B-3>,note,gilbert397,1.5,92.5,GeneralNote
30,,<music21.note.Note C>,note,gilbert398,0.5,93.0,GeneralNote
30,,<music21.note.Note D>,note,gilbert399,0.5,93.5,GeneralNote
30,,<music21.note.Note D>,note,gilbert400,0.5,94.0,GeneralNote
30,,<music21.note.Note D>,note,gilbert401,1.5,94.0,GeneralNote
30,,<music21.chord.Chord F3 A3>,note,gilbert402,1.5,94.0,GeneralNote
30,,<music21.note.Note E>,note,gilbert403,0.5,94.5,GeneralNote
30,,<music21.note.Note F>,note,gilbert404,0.5,95.0,GeneralNote
31,,<music21.note.Note A>,note,gilbert405,0.5,95.5,GeneralNote
31,,<music21.note.Note E>,note,gilbert406,1.5,95.5,GeneralNote
31,,<music21.chord.Chord E3 B3>,note,gilbert407,1.5,95.5,GeneralNote
31,,<music21.note.Note G#>,note,gilbert408,0.5,96.0,GeneralNote
31,,<music21.note.Note A>,note,gilbert409,0.5,96.5,GeneralNote
31,,<music21.note.Note B>,note,gilbert410,0.5,97.0,GeneralNote
31,,<music21.note.Note E>,note,gilbert411,1.5,97.0,GeneralNote
31,,<music21.chord.Chord G#3 B3>,note,gilbert412,1.5,97.0,GeneralNote
31,,<music21.note.Note C#>,note,gilbert413,0.5,97.5,GeneralNote
31,,<music21.note.Note D>,note,gilbert414,0.5,98.0,GeneralNote
32,,<music21.note.Note C#>,note,gilbert415,0.5,98.5,GeneralNote
32,,<music21.note.Note E>,note,gilbert416,1.5,98.5,GeneralNote
32,,<music21.chord.Chord A3 C#4>,note,gilbert417,1.5,98.5,GeneralNote
32,,<music21.note.Note D>,note,gilbert418,0.5,99.0,GeneralNote
32,,<music21.note.Note E>,note,gilbert419,0.5,99.5,GeneralNote
32,,<music21.note.Note E>,note,gilbert420,0.5,100.0,GeneralNote
32,,<music21.note.Rest quarter>,note,gilbert421,1.0,100.0,GeneralNote
32,,<music21.note.Rest quarter>,note,gilbert422,1.0,100.0,GeneralNote
32,,<music21.chord.Chord C#3 E3 A3>,note,gilbert423,1.5,100.0,GeneralNote
32,,<music21.note.Note F>,note,gilbert424,0.5,100.5,GeneralNote
32,,<music21.note.Note G>,note,gilbert425,0.5,101.0,GeneralNote
32,,<music21.note.Rest eighth>,note,gilbert426,0.5,101.0,GeneralNote
32,,<music21.note.Rest eighth>,note,gilbert427,0.5,101.0,GeneralNote
33,,<music21.note.Note F>,note,gilbert428,0.5,101.5,GeneralNote
33,,<music21.chord.Chord D3 A3 D4>,note,gilbert429,1.5,101.5,GeneralNote
33,,<music21.note.Note E>,note,gilbert430,0.5,102.0,GeneralNote
33,,<music21.note.Note D>,note,gilbert431,0.5,102.5,GeneralNote
33,,<music21.note.Note A>,note,gilbert432,0.5,103.0,GeneralNote
33,,<music21.chord.Chord F3 D4>,note,gilbert433,1.0,103.0,GeneralNote
33,,<music21.note.Note G>,note,gilbert434,0.5,103.5,GeneralNote
33,,<music21.note.Note F>,note,gilbert435,0.5,104.0,GeneralNote
33,,<music21.note.Note G>,note,gilbert436,0.5,104.0,GeneralNote
34,,<music21.note.Note E>,note,gilbert437,1.5,104.5,GeneralNote
34,,<music21.note.Note A>,note,gilbert438,0.5,104.5,GeneralNote
34,,<music21.note.Note E>,note,gilbert439,0.5,105.0,GeneralNote
34,,<music21.note.Note C#>,note,gilbert440,0.5,105.5,GeneralNote
34,,<music21.note.Note E>,note,gilbert441,0.5,106.0,GeneralNote
34,,<music21.note.Note A>,note,gilbert442,1.5,106.0,GeneralNote
34,,<music21.note.Note A>,note,gilbert443,0.5,106.5,GeneralNote
34,,<music21.note.Note A>,note,gilbert444,0.5,107.0,GeneralNote
35,,<music21.note.Note B->,note,gilbert445,1.0,107.5,GeneralNote
35,,<music21.chord.Chord D4 F4>,note,gilbert446,1.5,107.5,GeneralNote
35,,<music21.note.Rest dotted-half>,note,gilbert447,3.0,107.5,GeneralNote
35,,<music21.note.Note A>,note,gilbert448,0.5,108.5,GeneralNote
35,,<music21.note.Note A>,note,gilbert449,0.5,109.0,GeneralNote
35,,<music21.chord.Chord C#4 E4>,note,gilbert450,1.5,109.0,GeneralNote
35,,<music21.note.Note A>,note,gilbert451,0.5,109.5,GeneralNote
35,,<music21.note.Note A>,note,gilbert452,0.5,110.0,GeneralNote
36,,<music21.note.Note B->,note,gilbert453,1.0,110.5,GeneralNote
36,,<music21.chord.Chord D4 F4>,note,gilbert454,1.5,110.5,GeneralNote
36,,<music21.note.Rest dotted-half>,note,gilbert455,3.0,110.5,GeneralNote
36,,<music21.note.Note A>,note,gilbert456,0.5,111.5,GeneralNote
36,,<music21.note.Note A>,note,gilbert457,0.5,112.0,GeneralNote
36,,<music21.chord.Chord D4 F#4>,note,gilbert458,1.5,112.0,GeneralNote
36,,<music21.note.Note A>,note,gilbert459,0.5,112.5,GeneralNote
36,,<music21.note.Note F#>,note,gilbert460,0.5,113.0,GeneralNote
37,,<music21.note.Note G>,note,gilbert461,0.5,113.5,GeneralNote
37,,<music21.chord.Chord E-4 G4>,note,gilbert462,1.5,113.5,GeneralNote
37,,<music21.note.Rest dotted-half>,note,gilbert463,3.0,113.5,GeneralNote
37,,<music21.note.Note A>,note,gilbert464,0.5,114.0,GeneralNote
37,,<music21.note.Note B->,note,gilbert465,0.5,114.5,GeneralNote
37,,<music21.note.Note C>,note,gilbert466,0.0,115.0,GeneralNote
37,,<music21.note.Note B->,note,gilbert467,0.5,115.0,GeneralNote
37,,<music21.chord.Chord C4 E-4 A4>,note,gilbert468,1.5,115.0,GeneralNote
37,,<music21.note.Note A>,note,gilbert469,0.5,115.5,GeneralNote
37,,<music21.note.Note G>,note,gilbert470,0.5,116.0,GeneralNote
37,37,<music21.spanner.Slur <music21.note.Note C><music21.note.Note B->>,slur,gilbert781,0.0,0.0,Slur
38,,<music21.note.Note F#>,note,gilbert471,0.5,116.5,GeneralNote
38,,<music21.chord.Chord D4 F#4 A4>,note,gilbert472,1.5,116.5,GeneralNote
38,,<music21.note.Rest dotted-quarter>,note,gilbert473,1.5,116.5,GeneralNote
38,,<music21.note.Note G>,note,gilbert474,0.5,117.0,GeneralNote
38,,<music21.note.Note A>,note,gilbert475,0.5,117.5,GeneralNote
38,,<music21.note.Note F>,note,gilbert476,0.0,118.0,GeneralNote
38,,<music21.note.Note E->,note,gilbert477,0.5,118.0,GeneralNote
38,,<music21.note.Note D>,note,gilbert478,1.5,118.0,GeneralNote
38,,<music21.chord.Chord F#3 A3>,note,gilbert479,1.5,118.0,GeneralNote
38,,<music21.note.Note D>,note,gilbert480,0.5,118.5,GeneralNote
38,,<music21.note.Note C>,note,gilbert481,0.5,119.0,GeneralNote
38,38,<music21.spanner.Slur <music21.note.Note F><music21.note.Note E->>,slur,gilbert782,0.0,0.0,Slur
39,,<music21.note.Note C>,note,gilbert482,0.5,119.5,GeneralNote
39,,<music21.note.Rest quarter>,note,gilbert483,1.0,119.5,GeneralNote
39,,<music21.note.Note G>,note,gilbert484,1.0,119.5,GeneralNote
39,,<music21.note.Note B->,note,gilbert485,0.5,120.0,GeneralNote
39,,<music21.note.Note G>,note,gilbert486,0.5,120.5,GeneralNote
39,,<music21.note.Note G>,note,gilbert487,0.5,120.5,GeneralNote
39,,<music21.note.Rest eighth>,note,gilbert488,0.5,120.5,GeneralNote
39,,<music21.note.Note B->,note,gilbert489,0.5,121.0,GeneralNote
39,,<music21.note.Rest quarter>,note,gilbert490,1.0,121.0,GeneralNote
39,,<music21.note.Rest quarter>,note,gilbert491,1.0,121.0,GeneralNote
39,,<music21.note.Note F>,note,gilbert492,1.0,121.0,GeneralNote
39,,<music21.note.Note A>,note,gilbert493,0.5,121.5,GeneralNote
39,,<music21.note.Note F>,note,gilbert494,0.5,122.0,GeneralNote
39,,<music21.note.Note F>,note,gilbert495,0.5,122.0,GeneralNote
39,,<music21.note.Rest eighth>,note,gilbert496,0.5,122.0,GeneralNote
40,,<music21.note.Note A>,note,gilbert497,0.5,122.5,GeneralNote
40,,<music21.note.Rest quarter>,note,gilbert498,1.0,122.5,GeneralNote
40,,<music21.note.Note E>,note,gilbert499,1.0,122.5,GeneralNote
40,,<music21.note.Note G>,note,gilbert500,0.5,123.0,GeneralNote
40,,<music21.note.Note E>,note,gilbert501,0.5,123.5,GeneralNote
40,,<music21.note.Note E>,note,gilbert502,0.5,123.5,GeneralNote
40,,<music21.note.Rest eighth>,note,gilbert503,0.5,123.5,GeneralNote
40,,<music21.note.Note G>,note,gilbert504,0.5,124.0,GeneralNote
40,,<music21.note.Rest quarter>,note,gilbert505,1.0,124.0,GeneralNote
40,,<music21.note.Note D>,note,gilbert506,1.0,124.0,GeneralNote
40,,<music21.note.Note F>,note,gilbert507,0.5,124.5,GeneralNote
40,,<music21.note.Note D>,note,gilbert508,0.5,125.0,GeneralNote
40,,<music21.note.Note D>,note,gilbert509,0.5,125.0,GeneralNote
40,,<music21.note.Rest eighth>,note,gilbert510,0.5,125.0,GeneralNote
41,,<music21.note.Note F>,note,gilbert511,0.5,125.5,GeneralNote
41,,<music21.note.Note C>,note,gilbert512,1.0,125.5,GeneralNote
41,,<music21.note.Note E>,note,gilbert513,0.5,126.0,GeneralNote
41,,<music21.note.Note C>,note,gilbert514,0.5,126.5,GeneralNote
41,,<music21.note.Note C>,note,gilbert515,0.5,126.5,GeneralNote
41,,<music21.note.Note E>,note,gilbert516,0.5,127.0,GeneralNote
41,,<music21.note.Note B->,note,gilbert517,1.0,127.0,GeneralNote
41,,<music21.note.Note D>,note,gilbert518,0.5,127.5,GeneralNote
41,,<music21.note.Note B->,note,gilbert519,0.5,128.0,GeneralNote
41,,<music21.note.Note B->,note,gilbert520,0.5,128.0,GeneralNote
42,,<music21.note.Note D>,note,gilbert521,0.5,128.5,GeneralNote
42,,<music21.note.Rest quarter>,note,gilbert522,1.0,128.5,GeneralNote
42,,<music21.note.Rest dotted-quarter>,note,gilbert523,1.5,128.5,GeneralNote
42,,<music21.note.Note A>,note,gilbert524,1.0,128.5,GeneralNote
42,,<music21.note.Rest quarter>,note,gilbert525,1.0,128.5,GeneralNote
42,,<music21.note.Rest dotted-quarter>,note,gilbert526,1.5,128.5,GeneralNote
42,,<music21.note.Note C>,note,gilbert527,0.5,129.0,GeneralNote
42,,<music21.note.Note A>,note,gilbert528,0.5,129.5,GeneralNote
42,,<music21.note.Rest eighth>,note,gilbert529,0.5,129.5,GeneralNote
42,,<music21.note.Note A>,note,gilbert530,0.5,129.5,GeneralNote
42,,<music21.note.Rest eighth>,note,gilbert531,0.5,129.5,GeneralNote
42,,<music21.note.Rest quarter>,note,gilbert532,1.0,130.0,GeneralNote
42,,<music21.note.Note C>,note,gilbert533,0.5,130.0,GeneralNote
42,,<music21.note.Note G>,note,gilbert534,1.0,130.0,GeneralNote
42,,<music21.note.Note B->,note,gilbert535,0.5,130.5,GeneralNote
42,,<music21.note.Rest eighth>,note,gilbert536,0.5,131.0,GeneralNote
42,,<music21.note.Note E>,note,gilbert537,0.5,131.0,GeneralNote
42,,<music21.note.Note G>,note,gilbert538,0.5,131.0,GeneralNote
43,,<music21.note.Rest quarter>,note,gilbert539,1.0,131.5,GeneralNote
43,,<music21.note.Note A>,note,gilbert540,0.5,131.5,GeneralNote
43,,<music21.note.Note F>,note,gilbert541,0.5,131.5,GeneralNote
43,,<music21.note.Note B>,note,gilbert542,0.25,132.0,GeneralNote
43,,<music21.note.Note G>,note,gilbert543,0.25,132.0,GeneralNote
43,,<music21.note.Note C#>,note,gilbert544,0.25,132.25,GeneralNote
43,,<music21.note.Note A>,note,gilbert545,0.25,132.25,GeneralNote
43,,<music21.note.Rest eighth>,note,gilbert546,0.5,132.5,GeneralNote
43,,<music21.note.Note D>,note,gilbert547,0.25,132.5,GeneralNote
43,,<music21.note.Note B>,note,gilbert548,0.25,132.5,GeneralNote
43,,<music21.note.Note E>,note,gilbert549,0.25,132.75,GeneralNote
43,,<music21.note.Note C#>,note,gilbert550,0.25,132.75,GeneralNote
43,,<music21.note.Note D>,note,gilbert551,0.5,133.0,GeneralNote
43,,<music21.note.Note F>,note,gilbert552,0.5,133.0,GeneralNote
43,,<music21.note.Rest quarter>,note,gilbert553,1.0,133.0,GeneralNote
43,,<music21.note.Rest quarter>,note,gilbert554,1.0,133.0,GeneralNote
43,,<music21.note.Note C>,note,gilbert555,0.5,133.5,GeneralNote
43,,<music21.note.Note E>,note,gilbert556,0.5,133.5,GeneralNote
43,,<music21.note.Note D>,note,gilbert557,0.5,134.0,GeneralNote
43,,<music21.note.Rest eighth>,note,gilbert558,0.5,134.0,GeneralNote
43,,<music21.note.Note B>,note,gilbert559,0.5,134.0,GeneralNote
43,,<music21.note.Rest eighth>,note,gilbert560,0.5,134.0,GeneralNote
44,,<music21.note.Note C#>,note,gilbert561,0.25,134.5,GeneralNote
44,,<music21.note.Note A>,note,gilbert562,0.25,134.5,GeneralNote
44,,<music21.note.Note D>,note,gilbert563,0.25,134.75,GeneralNote
44,,<music21.note.Note B>,note,gilbert564,0.25,134.75,GeneralNote
44,,<music21.note.Note E>,note,gilbert565,0.25,135.0,GeneralNote
44,,<music21.note.Note C#>,note,gilbert566,0.25,135.0,GeneralNote
44,,<music21.note.Note F>,note,gilbert567,0.25,135.25,GeneralNote
44,,<music21.note.Note D>,note,gilbert568,0.25,135.25,GeneralNote
44,,<music21.note.Note G>,note,gilbert569,0.25,135.5,GeneralNote
44,,<music21.note.Note E>,note,gilbert570,0.25,135.5,GeneralNote
44,,<music21.note.Note A>,note,gilbert571,0.25,135.75,GeneralNote
44,,<music21.note.Note F>,note,gilbert572,0.25,135.75,GeneralNote
44,,<music21.note.Note B->,note,gilbert573,0.5,136.0,GeneralNote
44,,<music21.note.Note G>,note,gilbert574,0.5,136.0,GeneralNote
44,,<music21.note.Note A>,note,gilbert575,0.5,136.5,GeneralNote
44,,<music21.note.Note F>,note,gilbert576,0.5,136.5,GeneralNote
44,,<music21.note.Note G>,note,gilbert577,0.5,137.0,GeneralNote
44,,<music21.note.Note E>,note,gilbert578,0.5,137.0,GeneralNote
45,,<music21.note.Note A>,note,gilbert579,0.5,137.5,GeneralNote
45,,<music21.note.Note F>,note,gilbert580,0.5,137.5,GeneralNote
45,,<music21.note.Rest dotted-half>,note,gilbert581,3.0,137.5,GeneralNote
45,,<music21.note.Note B>,note,gilbert582,0.25,138.0,GeneralNote
45,,<music21.note.Note G>,note,gilbert583,0.25,138.0,GeneralNote
45,,<music21.note.Note C#>,note,gilbert584,0.25,138.25,GeneralNote
45,,<music21.note.Note A>,note,gilbert585,0.25,138.25,GeneralNote
45,,<music21.note.Note D>,note,gilbert586,0.25,138.5,GeneralNote
45,,<music21.note.Note B>,note,gilbert587,0.25,138.5,GeneralNote
45,,<music21.note.Note E>,note,gilbert588,0.25,138.75,GeneralNote
45,,<music21.note.Note C#>,note,gilbert589,0.25,138.75,GeneralNote
45,,<music21.note.Note F>,note,gilbert590,0.5,139.0,GeneralNote
45,,<music21.note.Note D>,note,gilbert591,0.5,139.0,GeneralNote
45,,<music21.note.Note E>,note,gilbert592,0.5,139.5,GeneralNote
45,,<music21.note.Note C#>,note,gilbert593,0.5,139.5,GeneralNote
45,,<music21.note.Note D>,note,gilbert594,0.5,140.0,GeneralNote
45,,<music21.note.Note B>,note,gilbert595,0.5,140.0,GeneralNote
46,,<music21.note.Note A>,note,gilbert596,1.5,140.5,GeneralNote
46,,<music21.note.Note A>,note,gilbert597,0.5,140.5,GeneralNote
46,,<music21.note.Rest quarter>,note,gilbert598,1.0,140.5,GeneralNote
46,,<music21.note.Note E>,note,gilbert599,0.5,141.0,GeneralNote
46,,<music21.note.Note C#>,note,gilbert600,0.5,141.5,GeneralNote
46,,<music21.note.Rest eighth>,note,gilbert601,0.5,141.5,GeneralNote
46,,<music21.note.Rest quarter>,note,gilbert602,1.0,142.0,GeneralNote
46,,<music21.note.Note A>,note,gilbert603,0.5,142.0,GeneralNote
46,,<music21.note.Rest quarter>,note,gilbert604,1.0,142.0,GeneralNote
46,,<music21.note.Note A>,note,gilbert605,1.0,142.0,GeneralNote
46,,<music21.note.Note A>,note,gilbert606,0.5,142.5,GeneralNote
46,,<music21.note.Note A>,note,gilbert607,0.5,143.0,GeneralNote
46,,<music21.note.Rest eighth>,note,gilbert608,0.5,143.0,GeneralNote
46,,<music21.chord.Chord C#4 E4>,note,gilbert609,0.5,143.0,GeneralNote
46,,<music21.note.Rest eighth>,note,gilbert610,0.5,143.0,GeneralNote
47,,<music21.note.Note B->,note,gilbert611,1.0,143.5,GeneralNote
47,,<music21.note.Note F>,note,gilbert612,1.5,143.5,GeneralNote
47,,<music21.note.Note D>,note,gilbert613,1.5,143.5,GeneralNote
47,,<music21.note.Note A>,note,gilbert614,0.5,144.5,GeneralNote
47,,<music21.note.Note A>,note,gilbert615,0.5,145.0,GeneralNote
47,,<music21.note.Note E>,note,gilbert616,1.5,145.0,GeneralNote
47,,<music21.note.Note C#>,note,gilbert617,1.0,145.0,GeneralNote
47,,<music21.note.Note A>,note,gilbert618,0.5,145.5,GeneralNote
47,,<music21.note.Note A>,note,gilbert619,0.5,146.0,GeneralNote
47,,<music21.note.Note A>,note,gilbert620,0.5,146.0,GeneralNote
48,,<music21.note.Note B->,note,gilbert621,1.0,146.5,GeneralNote
48,,<music21.note.Note F>,note,gilbert622,1.5,146.5,GeneralNote
48,,<music21.note.Note D>,note,gilbert623,1.5,146.5,GeneralNote
48,,<music21.note.Note A>,note,gilbert624,0.5,147.5,GeneralNote
48,,<music21.note.Note A>,note,gilbert625,0.5,148.0,GeneralNote
48,,<music21.note.Note E>,note,gilbert626,1.5,148.0,GeneralNote
48,,<music21.note.Note C#>,note,gilbert627,1.0,148.0,GeneralNote
48,,<music21.note.Note A>,note,gilbert628,0.5,148.5,GeneralNote
48,,<music21.note.Note G>,note,gilbert629,0.5,149.0,GeneralNote
48,,<music21.note.Note A>,note,gilbert630,0.5,149.0,GeneralNote
49,,<music21.note.Note F>,note,gilbert631,0.5,149.5,GeneralNote
49,,<music21.note.Note F>,note,gilbert632,1.5,149.5,GeneralNote
49,,<music21.note.Note D>,note,gilbert633,1.0,149.5,GeneralNote
49,,<music21.note.Note E>,note,gilbert634,0.5,150.0,GeneralNote
49,,<music21.note.Note D>,note,gilbert635,0.5,150.5,GeneralNote
49,,<music21.note.Note G>,note,gilbert636,0.5,150.5,GeneralNote
49,,<music21.note.Note D>,note,gilbert637,0.5,151.0,GeneralNote
49,,<music21.note.Note F>,note,gilbert638,1.0,151.0,GeneralNote
49,,<music21.note.Note A>,note,gilbert639,1.5,151.0,GeneralNote
49,,<music21.note.Note E>,note,gilbert640,0.5,151.5,GeneralNote
49,,<music21.note.Note C#>,note,gilbert641,0.5,152.0,GeneralNote
49,,<music21.note.Note E>,note,gilbert642,0.5,152.0,GeneralNote
50,,<music21.note.Note D>,note,gilbert643,1.5,152.5,GeneralNote
50,,<music21.note.Note D>,note,gilbert644,0.5,152.5,GeneralNote
50,,<music21.note.Note A>,note,gilbert645,0.5,153.0,GeneralNote
50,,<music21.note.Note D>,note,gilbert646,0.5,153.5,GeneralNote
50,,<music21.note.Note D>,note,gilbert647,0.5,154.0,GeneralNote
50,,<music21.note.Note A>,note,gilbert648,1.5,154.0,GeneralNote
50,,<music21.note.Note E>,note,gilbert649,0.5,154.5,GeneralNote
50,,<music21.note.Note A>,note,gilbert650,0.5,155.0,GeneralNote
50,50,<music21.spanner.Slur <music21.note.Note D><music21.note.Note D>>,slur,gilbert783,1.5,0.0,Slur
51,,<music21.note.Note F>,note,gilbert651,1.5,155.5,GeneralNote
51,,<music21.note.Note D>,note,gilbert652,1.5,155.5,GeneralNote
51,,<music21.note.Note D>,note,gilbert653,0.5,155.5,GeneralNote
51,,<music21.note.Note A>,note,gilbert654,0.5,156.0,GeneralNote
51,,<music21.note.Note D>,note,gilbert655,0.5,156.5,GeneralNote
51,,<music21.note.Note F>,note,gilbert656,0.5,157.0,GeneralNote
51,,<music21.note.Note D>,note,gilbert657,0.5,157.0,GeneralNote
51,,<music21.note.Note A>,note,gilbert658,1.5,157.0,GeneralNote
51,,<music21.note.Note E>,note,gilbert659,0.5,157.5,GeneralNote
51,,<music21.note.Rest eighth>,note,gilbert660,0.5,157.5,GeneralNote
51,,<music21.note.Rest eighth>,note,gilbert661,0.5,157.5,GeneralNote
51,,<music21.note.Note A>,note,gilbert662,0.5,158.0,GeneralNote
51,,<music21.note.Rest eighth>,note,gilbert663,0.5,158.0,GeneralNote
51,,<music21.note.Rest eighth>,note,gilbert664,0.5,158.0,GeneralNote
51,51,<music21.spanner.Slur <music21.note.Note F><music21.note.Note F>>,slur,gilbert784,1.5,0.0,Slur
52,,<music21.note.Note F>,note,gilbert665,1.5,158.5,GeneralNote
52,,<music21.note.Note D>,note,gilbert666,1.5,158.5,GeneralNote
52,,<music21.note.Note D>,note,gilbert667,0.5,158.5,GeneralNote
52,,<music21.note.Note A>,note,gilbert668,0.5,159.0,GeneralNote
52,,<music21.note.Note D>,note,gilbert669,0.5,159.5,GeneralNote
52,,<music21.note.Note F>,note,gilbert670,0.5,160.0,GeneralNote
52,,<music21.note.Note D>,note,gilbert671,0.5,160.0,GeneralNote
52,,<music21.note.Note A>,note,gilbert672,1.0,160.0,GeneralNote
52,,<music21.note.Note E>,note,gilbert673,0.5,160.5,GeneralNote
52,,<music21.note.Rest eighth>,note,gilbert674,0.5,160.5,GeneralNote
52,,<music21.note.Rest eighth>,note,gilbert675,0.5,160.5,GeneralNote
52,,<music21.note.Note A>,note,gilbert676,0.5,161.0,GeneralNote
52,,<music21.note.Rest eighth>,note,gilbert677,0.5,161.0,GeneralNote
52,,<music21.note.Note C#>,note,gilbert678,0.5,161.0,GeneralNote
52,,<music21.note.Rest eighth>,note,gilbert679,0.5,161.0,GeneralNote
52,52,<music21.spanner.Slur <music21.note.Note F><music21.note.Note F>>,slur,gilbert785,1.5,0.0,Slur
52,52,<music21.spanner.Slur <music21.note.Note D><music21.note.Note D>>,slur,gilbert786,1.5,0.0,Slur
53,,<music21.note.Note F>,note,gilbert680,0.5,161.5,GeneralNote
53,,<music21.note.Note D>,note,gilbert681,0.5,161.5,GeneralNote
53,,<music21.note.Note D>,note,gilbert682,1.5,161.5,GeneralNote
53,,<music21.chord.Chord D3 A3>,note,gilbert683,1.5,161.5,GeneralNote
53,,<music21.note.Note G>,note,gilbert684,0.5,162.0,GeneralNote
53,,<music21.note.Note E>,note,gilbert685,0.5,162.0,GeneralNote
53,,<music21.note.Note A>,note,gilbert686,0.5,162.5,GeneralNote
53,,<music21.note.Note F>,note,gilbert687,0.5,162.5,GeneralNote
53,,<music21.note.Note A>,note,gilbert688,0.5,163.0,GeneralNote
53,,<music21.note.Note F>,note,gilbert689,0.5,163.0,GeneralNote
53,,<music21.note.Note D>,note,gilbert690,1.5,163.0,GeneralNote
53,,<music21.chord.Chord G3 B-3>,note,gilbert691,1.5,163.0,GeneralNote
53,,<music21.note.Note G>,note,gilbert692,0.5,163.5,GeneralNote
53,,<music21.note.Note E>,note,gilbert693,0.5,163.5,GeneralNote
53,,<music21.note.Note F>,note,gilbert694,0.5,164.0,GeneralNote
53,,<music21.note.Note D>,note,gilbert695,0.5,164.0,GeneralNote
54,,<music21.note.Note E>,note,gilbert696,0.25,164.5,GeneralNote
54,,<music21.chord.Chord A2 A3>,note,gilbert697,1.5,164.5,GeneralNote
54,,<music21.note.Note D>,note,gilbert698,0.25,164.75,GeneralNote
54,,<music21.note.Note C#>,note,gilbert699,0.25,165.0,GeneralNote
54,,<music21.note.Note B>,note,gilbert700,0.25,165.25,GeneralNote
54,,<music21.note.Note A>,note,gilbert701,0.25,165.5,GeneralNote
54,,<music21.note.Note G>,note,gilbert702,0.25,165.75,GeneralNote
54,,<music21.note.Note F>,note,gilbert703,0.25,166.0,GeneralNote
54,,<music21.note.Rest quarter>,note,gilbert704,1.0,166.0,GeneralNote
54,,<music21.note.Note E>,note,gilbert705,0.25,166.25,GeneralNote
54,,<music21.note.Note D>,note,gilbert706,0.25,166.5,GeneralNote
54,,<music21.note.Note C#>,note,gilbert707,0.25,166.75,GeneralNote
54,,<music21.note.Note B>,note,gilbert708,0.25,167.0,GeneralNote
54,,<music21.note.Rest eighth>,note,gilbert709,0.5,167.0,GeneralNote
54,,<music21.note.Note A>,note,gilbert710,0.25,167.25,GeneralNote
54,54,<music21.spanner.Slur <music21.note.Note E><music21.note.Note A>>,slur,gilbert787,2.75,0.0,Slur
55,,<music21.note.Note F>,note,gilbert711,1.5,167.5,GeneralNote
55,,<music21.note.Note D>,note,gilbert712,1.5,167.5,GeneralNote
55,,<music21.note.Note D>,note,gilbert713,0.5,167.5,GeneralNote
55,,<music21.note.Note A>,note,gilbert714,0.5,168.0,GeneralNote
55,,<music21.note.Note D>,note,gilbert715,0.5,168.5,GeneralNote
55,,<music21.note.Note F>,note,gilbert716,0.5,169.0,GeneralNote
55,,<music21.note.Note D>,note,gilbert717,0.5,169.0,GeneralNote
55,,<music21.note.Note A>,note,gilbert718,1.5,169.0,GeneralNote
55,,<music21.note.Note E>,note,gilbert719,0.5,169.5,GeneralNote
55,,<music21.note.Rest eighth>,note,gilbert720,0.5,169.5,GeneralNote
55,,<music21.note.Rest eighth>,note,gilbert721,0.5,169.5,GeneralNote
55,,<music21.note.Rest eighth>,note,gilbert722,0.5,170.0,GeneralNote
55,,<music21.note.Note A>,note,gilbert723,0.5,170.0,GeneralNote
55,,<music21.note.Rest eighth>,note,gilbert724,0.5,170.0,GeneralNote
55,55,<music21.spanner.Slur <music21.note.Note F><music21.note.Note F>>,slur,gilbert788,1.5,0.0,Slur
55,55,<music21.spanner.Slur <music21.note.Note D><music21.note.Note D>>,slur,gilbert789,1.5,0.0,Slur
56,,<music21.note.Note F>,note,gilbert725,1.5,170.5,GeneralNote
56,,<music21.note.Note D>,note,gilbert726,1.5,170.5,GeneralNote
56,,<music21.note.Note D>,note,gilbert727,0.5,170.5,GeneralNote
56,,<music21.note.Note A>,note,gilbert728,0.5,171.0,GeneralNote
56,,<music21.note.Note D>,note,gilbert729,0.5,171.5,GeneralNote
56,,<music21.note.Note F>,note,gilbert730,0.5,172.0,GeneralNote
56,,<music21.note.Note D>,note,gilbert731,0.5,172.0,GeneralNote
56,,<music21.note.Note A>,note,gilbert732,1.5,172.0,GeneralNote
56,,<music21.note.Note E>,note,gilbert733,0.5,172.5,GeneralNote
56,,<music21.note.Rest eighth>,note,gilbert734,0.5,172.5,GeneralNote
56,,<music21.note.Rest eighth>,note,gilbert735,0.5,172.5,GeneralNote
56,,<music21.note.Rest eighth>,note,gilbert736,0.5,173.0,GeneralNote
56,,<music21.note.Note A>,note,gilbert737,0.5,173.0,GeneralNote
56,,<music21.note.Rest eighth>,note,gilbert738,0.5,173.0,GeneralNote
56,56,<music21.spanner.Slur <music21.note.Note F><music21.note.Note F>>,slur,gilbert790,1.5,0.0,Slur
56,56,<music21.spanner.Slur <music21.note.Note D><music21.note.Note D>>,slur,gilbert791,1.5,0.0,Slur
57,,<music21.note.Note F>,note,gilbert739,0.5,173.5,GeneralNote
57,,<music21.note.Note D>,note,gilbert740,1.0,173.5,GeneralNote
57,,<music21.note.Note D>,note,gilbert741,1.0,173.5,GeneralNote
57,,<music21.note.Note E>,note,gilbert742,0.5,174.0,GeneralNote
57,,<music21.note.Note D>,note,gilbert743,0.5,174.5,GeneralNote
57,,<music21.note.Rest eighth>,note,gilbert744,0.5,174.5,GeneralNote
57,,<music21.note.Rest eighth>,note,gilbert745,0.5,174.5,GeneralNote
57,,<music21.note.Note G>,note,gilbert746,0.5,174.5,GeneralNote
57,,<music21.note.Note D>,note,gilbert747,0.5,175.0,GeneralNote
57,,<music21.note.Rest quarter>,note,gilbert748,1.0,175.0,GeneralNote
57,,<music21.note.Rest quarter>,note,gilbert749,1.0,175.0,GeneralNote
57,,<music21.note.Note A>,note,gilbert750,1.0,175.0,GeneralNote
57,,<music21.note.Note E>,note,gilbert751,0.5,175.5,GeneralNote
57,,<music21.note.Note C#>,note,gilbert752,0.5,176.0,GeneralNote
57,,<music21.note.Rest eighth>,note,gilbert753,0.5,176.0,GeneralNote
57,,<music21.note.Rest eighth>,note,gilbert754,0.5,176.0,GeneralNote
57,,<music21.note.Note A>,note,gilbert755,0.5,176.0,GeneralNote
58,,<music21.note.Note D>,note,gilbert756,0.25,176.5,GeneralNote
58,,<music21.note.Note D>,note,gilbert757,1.5,176.5,GeneralNote
58,,<music21.note.Note E>,note,gilbert758,0.25,176.75,GeneralNote
58,,<music21.note.Note F>,note,gilbert759,0.25,177.0,GeneralNote
58,,<music21.note.Note G>,note,gilbert760,0.25,177.25,GeneralNote
58,,<music21.note.Note A>,note,gilbert761,0.25,177.5,GeneralNote
58,,<music21.note.Note B>,note,gilbert762,0.125,177.75,GeneralNote
58,,<music21.note.Note C#>,note,gilbert763,0.125,177.875,GeneralNote
58,,<music21.note.Note D>,note,gilbert764,0.5,178.0,GeneralNote
58,,<music21.chord.Chord D2 D3>,note,gilbert765,1.5,178.0,GeneralNote
58,,<music21.note.Note A>,note,gilbert766,0.5,178.5,GeneralNote
58,,<music21.note.Note A>,note,gilbert767,0.5,179.0,GeneralNote
59,,<music21.note.Note D>,note,gilbert768,0.5,179.5,GeneralNote
59,,<music21.chord.Chord D2 D3>,note,gilbert769,1.5,179.5,GeneralNote
59,,<music21.note.Note A>,note,gilbert770,0.5,180.0,GeneralNote
59,,<music21.note.Note A>,note,gilbert771,0.5,180.5,GeneralNote
59,,<music21.note.Note D>,note,gilbert772,0.5,181.0,GeneralNote
59,,<music21.chord.Chord D2 D3>,note,gilbert773,1.5,181.0,GeneralNote
59,,<music21.note.Note A>,note,gilbert774,0.5,181.5,GeneralNote
59,,<music21.note.Note A>,note,gilbert775,0.5,182.0,GeneralNote
60,,<music21.note.Note D>,note,gilbert776,1.5,182.5,GeneralNote
60,,<music21.chord.Chord D2 D3>,note,gilbert777,1.5,182.5,GeneralNote
60,,<music21.note.Note D>,note,gilbert778,1.0,184.0,GeneralNote
60,,<music21.chord.Chord D2 D3>,note,gilbert779,1.0,184.0,GeneralNote
