measure_start,measure_end,object,value,id,quarterlength,offset
1,,<music21.note.Rest dotted-whole>,note,134548728553376,6.0,0.0
1,,<music21.note.Note B->,note,134548726617280,2.0,0.0
1,,<music21.articulations.Tenuto>,tenuto,134548726617424,0.0,0.0
1,,<music21.chord.Chord E-4 G-4>,note,134548724611072,2.0,0.0
1,,<music21.articulations.Tenuto>,tenuto,134548724611504,0.0,0.0
1,,<music21.note.Rest dotted-whole>,note,134548724612704,6.0,0.0
1,,<music21.note.Rest quarter>,note,134548726617664,1.0,2.0
1,,<music21.chord.Chord E-4 G-4>,note,134548724611600,2.0,2.0
1,,<music21.articulations.Tenuto>,tenuto,134548724612032,0.0,0.0
1,,<music21.note.Rest eighth>,note,134548726617760,0.5,3.0
1,,<music21.note.Note B->,note,134548726617856,0.5,3.5
1,,<music21.note.Note E->,note,134548726618048,1.5,4.0
1,,<music21.chord.Chord E-4 G-4>,note,134548724612128,2.0,4.0
1,,<music21.articulations.Tenuto>,tenuto,134548724612560,0.0,0.0
1,,<music21.note.Note G->,note,134548726618240,0.5,5.5
1,2,<music21.spanner.Slur <music21.note.Note B-><music21.note.Note C->>,slur,134548726618432,2.5,0.0
1,,<music21.dynamics.Dynamic pp>,pp,134548726617040,,
1,,<music21.expressions.TextExpression 'Lento'>,Lento,134548728551888,0.0,0.0
1,,<music21.expressions.TextExpression 'molto espr...'>,molto espressivo,134548726616560,0.0,0.0
1,,<music21.tempo.MetronomeMark Quarter=52.5 (playback only)>,None,134548728552560,0.0,0.0
1,,<music21.tempo.MetronomeMark andante Quarter=72>,andante,134548728552704,0.0,0.0
1,,<music21.tempo.MetronomeMark Quarter=52.5 (playback only)>,None None,134548728552560,0.0,0.0
1,,<music21.tempo.MetronomeMark andante Quarter=72>,andante 72,134548728552704,0.0,0.0
2,,<music21.note.Rest dotted-whole>,note,134548728555440,6.0,6.0
2,,<music21.note.Note C->,note,134548726618528,2.0,6.0
2,,<music21.chord.Chord E-4 A-4>,note,134548724612896,2.0,6.0
2,,<music21.articulations.Tenuto>,tenuto,134548725039376,0.0,0.0
2,,<music21.note.Rest dotted-whole>,note,134548725040960,6.0,6.0
2,,<music21.note.Rest quarter>,note,134548727208256,1.0,8.0
2,,<music21.chord.Chord E-4 A-4 C-5>,note,134548725039472,2.0,8.0
2,,<music21.articulations.Tenuto>,tenuto,134548725040096,0.0,0.0
2,,<music21.note.Rest eighth>,note,134548727208400,0.5,9.0
2,,<music21.note.Note E->,note,134548726618816,0.5,9.5
2,,<music21.note.Note A->,note,134548727208496,1.5,10.0
2,,<music21.chord.Chord E-4 A-4 C-5>,note,134548725040192,2.0,10.0
2,,<music21.articulations.Tenuto>,tenuto,134548725040816,0.0,0.0
2,,<music21.note.Note C->,note,134548727208688,0.5,11.5
2,3,<music21.spanner.Slur <music21.note.Note E-><music21.note.Note D>>,slur,134548726618720,2.5,0.0
3,,<music21.note.Rest whole>,note,134548728555584,4.0,12.0
3,,<music21.note.Note D>,note,134548726619008,2.0,12.0
3,,<music21.articulations.Tenuto>,tenuto,134548726619104,0.0,0.0
3,,<music21.chord.Chord E-4 F4 A-4>,note,134548725041152,2.0,12.0
3,,<music21.articulations.Tenuto>,tenuto,134548725041776,0.0,0.0
3,,<music21.note.Rest dotted-whole>,note,134548725043168,6.0,12.0
3,,<music21.note.Rest quarter>,note,134548727208928,1.0,14.0
3,,<music21.chord.Chord D4 F4 A-4>,note,134548725041872,2.0,14.0
3,,<music21.articulations.Tenuto>,tenuto,134548725042496,0.0,0.0
3,,<music21.note.Rest eighth>,note,134548727209072,0.5,15.0
3,,<music21.note.Note F>,note,134548726619392,0.5,15.5
3,,<music21.note.Note B->,note,134548728555728,1/6,16.0
3,,<music21.note.Note A->,note,134548726620112,1.0,16.0
3,,<music21.chord.Chord D4 F4>,note,134548725042592,2.0,16.0
3,,<music21.articulations.Tenuto>,tenuto,134548725043024,0.0,0.0
3,,<music21.note.Note A->,note,134548728556112,1/6,97/6
3,,<music21.note.Note B->,note,134548728556592,1/6,49/3
3,,<music21.note.Note A->,note,134548728557072,0.5,16.5
3,,<music21.note.Rest quarter>,note,134548728557264,1.0,17.0
3,,<music21.note.Note A->,note,134548727209168,0.25,17.0
3,,<music21.note.Note G->,note,134548727209408,0.25,17.25
3,,<music21.note.Note A->,note,134548727209600,0.25,17.5
3,,<music21.note.Note B->,note,134548726620592,0.25,17.75
3,4,<music21.spanner.Slur <music21.note.Note F><music21.note.Note G->>,slur,134548726619296,4.5,0.0
3,3,<music21.dynamics.Crescendo <music21.note.Note A-><music21.note.Note B->>,diminuendo,134548726619920,,
4,,<music21.note.Note A->,note,134548728557456,0.125,18.0
4,,<music21.note.Note B->,note,134548726621072,1.5,18.0
4,,<music21.articulations.Staccato>,staccato,134548726621216,0.0,0.0
4,,<music21.note.Note E->,note,134548725043456,2.0,18.0
4,,<music21.articulations.Tenuto>,tenuto,134548725043552,0.0,0.0
4,,<music21.note.Rest half>,note,134548725043792,2.0,18.0
4,,<music21.note.Note G->,note,134548728557648,0.125,18.125
4,,<music21.note.Note A->,note,134548728557840,0.125,18.25
4,,<music21.note.Note G->,note,134548728558032,0.125,18.375
4,,<music21.note.Note A->,note,134548728558224,0.125,18.5
4,,<music21.note.Note G->,note,134548728558416,0.125,18.625
4,,<music21.note.Note A->,note,134548728558608,0.125,18.75
4,,<music21.note.Note G->,note,134548728558800,0.125,18.875
4,,<music21.note.Note A->,note,134548728558992,0.125,19.0
4,,<music21.note.Note G->,note,134548728559184,0.125,19.125
4,,<music21.note.Note A->,note,134548728559376,0.125,19.25
4,,<music21.note.Note G->,note,134548728559568,0.125,19.375
4,,<music21.note.Note F>,note,134548728559760,0.25,19.5
4,,<music21.note.Note F>,note,134548727210032,0.25,19.5
4,,<music21.note.Note E->,note,134548728559952,0.25,19.75
4,,<music21.note.Note E->,note,134548726621360,0.25,19.75
4,,<music21.note.Rest half>,note,134548728560144,2.0,20.0
4,,<music21.note.Rest half>,note,134548727210224,2.0,20.0
4,,<music21.note.Note G->,note,134548726619584,2.0,20.0
4,,<music21.articulations.Tenuto>,tenuto,134548726619680,0.0,0.0
4,,<music21.note.Rest quarter>,note,134548725043888,1.0,20.0
4,,<music21.note.Rest eighth>,note,134548725043984,0.5,21.0
4,,<music21.note.Note B->,note,134548726622080,0.5,21.5
4,,<music21.note.Rest half>,note,134548728560240,2.0,22.0
4,,<music21.note.Note G->,note,134548726621696,2.0,22.0
4,,<music21.articulations.Tenuto>,tenuto,134548726621792,0.0,0.0
4,,<music21.chord.Chord G-4 B-4 E-5>,note,134548727210368,2.0,22.0
4,,<music21.note.Note G->,note,134548725044080,1.5,22.0
4,,<music21.note.Note E->,note,134548725044272,0.5,23.5
4,5,<music21.spanner.Slur <music21.note.Note B-><music21.note.Note B->>,slur,134548726621984,2.5,0.0
4,4,<music21.dynamics.Diminuendo <music21.note.Note B-><music21.note.Note E->>,diminuendo,134548726620928,,
4,4,<music21.dynamics.Crescendo <music21.note.Note G->>,diminuendo,134548726621552,,
4,,<music21.expressions.TextExpression 'molto espr.'>,molto espr.,134548725044464,0.0,20.0
5,,<music21.note.Rest dotted-whole>,note,134548728560384,6.0,24.0
5,,<music21.note.Note G->,note,134548727211088,2.0,24.0
5,,<music21.articulations.Tenuto>,tenuto,134548727211184,0.0,0.0
5,,<music21.chord.Chord G-4 B-4 D-5>,note,134548727211520,2.0,24.0
5,,<music21.note.Rest half>,note,134548727213152,2.0,24.0
5,,<music21.note.Rest half>,note,134548727213296,2.0,24.0
5,,<music21.note.Note B->,note,134548726622272,2.0,24.0
5,,<music21.note.Rest half>,note,134548725044752,2.0,24.0
5,,<music21.note.Rest half>,note,134548725045280,2.0,24.0
5,,<music21.note.Rest whole>,note,134548727211376,4.0,26.0
5,,<music21.note.Rest quarter>,note,134548727212144,1.0,26.0
5,,<music21.note.Note B->,note,134548725044848,2.0,26.0
5,,<music21.chord.Chord D-3 G-3 B-3>,note,134548725045376,2.0,26.0
5,,<music21.articulations.Tenuto>,tenuto,134548725046000,0.0,0.0
5,,<music21.note.Rest 16th>,note,134548727212240,0.25,27.0
5,,<music21.note.Note G->,note,134548726622560,0.25,27.25
5,,<music21.note.Note F->,note,134548727212336,0.25,27.5
5,,<music21.note.Note E->,note,134548727212528,0.25,27.75
5,,<music21.note.Note F->,note,134548727212720,1.5,28.0
5,,<music21.note.Note B->,note,134548725045040,2.0,28.0
5,,<music21.chord.Chord D-3 G-3 B-3>,note,134548725046096,2.0,28.0
5,,<music21.articulations.Tenuto>,tenuto,134548725046720,0.0,0.0
5,,<music21.note.Note D->,note,134548727212912,0.5,29.5
5,6,<music21.spanner.Slur <music21.note.Note G-><music21.note.Note E->>,slur,134548726622464,2.75,0.0
5,,<music21.dynamics.Dynamic mp>,mp,134548727213392,,
6,,<music21.note.Rest dotted-whole>,note,134548728560528,6.0,30.0
6,,<music21.note.Note E->,note,134548726622752,2.0,30.0
6,,<music21.articulations.Tenuto>,tenuto,134548726622848,0.0,0.0
6,,<music21.chord.Chord E-4 G-4 C-5>,note,134548727214400,2.0,30.0
6,,<music21.chord.Chord E-3 G-3 C-4>,note,134548725046912,2.0,30.0
6,,<music21.note.Note C->,note,134548725047968,2.0,30.0
6,,<music21.note.Note E->,note,134548727213680,2.0,32.0
6,,<music21.articulations.Tenuto>,tenuto,134548727213776,0.0,0.0
6,,<music21.chord.Chord G-4 C-5>,note,134548727215024,2.0,32.0
6,,<music21.note.Rest half>,note,134548727215936,2.0,32.0
6,,<music21.note.Rest quarter>,note,134548725047536,1.0,32.0
6,,<music21.note.Rest half>,note,134548725048160,2.0,32.0
6,,<music21.note.Rest eighth>,note,134548725047632,0.5,33.0
6,,<music21.note.Note G->,note,134548726623184,0.5,33.5
6,,<music21.note.Note E->,note,134548727213968,2.0,34.0
6,,<music21.articulations.Staccato>,staccato,134548727214064,0.0,0.0
6,,<music21.articulations.Tenuto>,tenuto,134548727214160,0.0,0.0
6,,<music21.chord.Chord G-4 C-5>,note,134548727215456,2.0,34.0
6,,<music21.note.Rest half>,note,134548727216032,2.0,34.0
6,,<music21.note.Note E->,note,134548725047728,1.5,34.0
6,,<music21.note.Rest half>,note,134548725048256,2.0,34.0
6,,<music21.note.Note C->,note,134548726623376,0.5,35.5
6,7,<music21.spanner.Slur <music21.note.Note G-><music21.note.Note G>>,slur,134548726623568,2.5,0.0
6,,<music21.dynamics.Dynamic pp>,pp,134548727216128,,
6,6,<music21.dynamics.Crescendo <music21.note.Note G-><music21.note.Note C->>,diminuendo,134548726623040,,
7,,<music21.note.Rest dotted-whole>,note,134548728560720,6.0,36.0
7,,<music21.note.Note B->,note,134548727216464,2.0,36.0
7,,<music21.articulations.Tenuto>,tenuto,134548727216560,0.0,0.0
7,,<music21.chord.Chord B-4 E-5>,note,134548727217184,2.0,36.0
7,,<music21.note.Rest half>,note,134548727497216,2.0,36.0
7,,<music21.note.Rest half>,note,134548727497360,2.0,36.0
7,,<music21.note.Note G>,note,134548726623664,2.0,36.0
7,,<music21.note.Rest half>,note,134548725048544,2.0,36.0
7,,<music21.note.Rest half>,note,134548725049264,2.0,36.0
7,,<music21.note.Rest quarter>,note,134548727216752,1.0,38.0
7,,<music21.note.Rest quarter>,note,134548727217616,1.0,38.0
7,,<music21.note.Note G>,note,134548725048640,2.0,38.0
7,,<music21.articulations.Tenuto>,tenuto,134548725048736,0.0,0.0
7,,<music21.chord.Chord B-2 E-3 G3>,note,134548725049360,2.0,38.0
7,,<music21.note.Rest quarter>,note,134548727216848,1.0,39.0
7,,<music21.note.Rest 16th>,note,134548727217712,0.25,39.0
7,,<music21.note.Note E->,note,134548726624000,0.25,39.25
7,,<music21.note.Note D->,note,134548727217808,0.25,39.5
7,,<music21.note.Note C->,note,134548727218000,0.25,39.75
7,,<music21.note.Rest quarter>,note,134548727216944,1.0,40.0
7,,<music21.note.Note D->,note,134548727496784,1.5,40.0
7,,<music21.note.Note G>,note,134548725048928,2.0,40.0
7,,<music21.articulations.Tenuto>,tenuto,134548725049024,0.0,0.0
7,,<music21.chord.Chord B-2 E-3 G3>,note,134548725049984,2.0,40.0
7,,<music21.note.Rest quarter>,note,134548727217040,1.0,41.0
7,,<music21.note.Note B->,note,134548727496976,0.5,41.5
7,8,<music21.spanner.Slur <music21.note.Note E-><music21.note.Note A->>,slur,134548726623904,4.5,0.0
8,,<music21.note.Rest dotted-whole>,note,134548728560864,6.0,42.0
8,,<music21.note.Rest half>,note,134548726624576,2.0,42.0
8,,<music21.note.Note C->,note,134548727499040,1.5,42.0
8,,<music21.chord.Chord C-3 E-3 A-3>,note,134548725051136,2.0,42.0
8,,<music21.note.Note A->,note,134548725051904,2.0,42.0
8,,<music21.articulations.Tenuto>,tenuto,134548725052000,0.0,0.0
8,,<music21.note.Note B->,note,134548727499328,0.25,43.5
8,,<music21.note.Note A->,note,134548726624192,0.25,43.75
8,,<music21.chord.Chord E-5 A-5 C-6>,note,134548727497552,2.0,44.0
8,,<music21.articulations.Tenuto>,tenuto,134548727498176,0.0,0.0
8,,<music21.note.Rest quarter>,note,134548727499520,1.0,44.0
8,,<music21.note.Rest half>,note,134548727499760,2.0,44.0
8,,<music21.note.Rest whole>,note,134548725051760,4.0,44.0
8,,<music21.note.Rest half>,note,134548725052192,2.0,44.0
8,,<music21.note.Rest eighth>,note,134548727499616,0.5,45.0
8,,<music21.note.Note C->,note,134548726624816,0.5,45.5
8,,<music21.chord.Chord E-5 A-5 C-6>,note,134548727498272,2.0,46.0
8,,<music21.articulations.Tenuto>,tenuto,134548727498896,0.0,0.0
8,,<music21.note.Rest half>,note,134548727499856,2.0,46.0
8,,<music21.note.Note A->,note,134548725050704,1.5,46.0
8,,<music21.note.Rest half>,note,134548725052288,2.0,46.0
8,,<music21.note.Note F>,note,134548725050896,0.5,47.5
8,9,<music21.spanner.Slur <music21.note.Note C-><music21.note.Note D>>,slur,134548726625200,2.5,0.0
8,,<music21.dynamics.Dynamic pp>,pp,134548727499952,,
8,8,<music21.dynamics.Diminuendo <music21.note.Rest half>>,diminuendo,134548726624432,,
8,9,<music21.dynamics.Crescendo <music21.note.Note C-><music21.note.Note F>>,diminuendo,134548726624672,,
9,,<music21.note.Rest dotted-whole>,note,134548728561008,6.0,48.0
9,,<music21.chord.Chord F5 A-5 C-6>,note,134548727500144,2.0,48.0
9,,<music21.note.Note D>,note,134548726625296,2.0,48.0
9,,<music21.note.Rest dotted-whole>,note,134548725054016,6.0,48.0
9,,<music21.note.Rest quarter>,note,134548727501008,1.0,50.0
9,,<music21.chord.Chord D4 F4 B-4>,note,134548725052528,2.0,50.0
9,,<music21.articulations.Tenuto>,tenuto,134548725053152,0.0,0.0
9,,<music21.note.Rest 16th>,note,134548727501152,0.25,51.0
9,,<music21.note.Note B->,note,134548726625632,0.25,51.25
9,,<music21.note.Note A->,note,134548727501248,0.25,51.5
9,,<music21.note.Note G->,note,134548727501440,0.25,51.75
9,,<music21.note.Note F>,note,134548727501632,0.25,52.0
9,,<music21.chord.Chord D4 F4 B-4>,note,134548725053248,2.0,52.0
9,,<music21.articulations.Tenuto>,tenuto,134548725053872,0.0,0.0
9,,<music21.note.Note G->,note,134548727501824,0.25,52.25
9,,<music21.note.Note F>,note,134548727502016,0.25,52.5
9,,<music21.note.Note G->,note,134548727502208,0.25,52.75
9,,<music21.note.Note A->,note,134548727502400,0.25,53.0
9,,<music21.note.Note G->,note,134548727502592,0.25,53.25
9,,<music21.note.Note A->,note,134548727502784,0.25,53.5
9,,<music21.note.Note F>,note,134548726625008,0.25,53.75
9,10,<music21.spanner.Slur <music21.note.Note B-><music21.chord.Chord B-4 E-5 G-5 B-5>>,slur,134548726626016,4.75,0.0
9,,<music21.dynamics.Dynamic p>,p,134548727500768,,
9,10,<music21.dynamics.Crescendo <music21.note.Note B-><music21.note.Note E->>,diminuendo,134548726625488,,
10,,<music21.note.Rest dotted-whole>,note,134548728561200,6.0,54.0
10,,<music21.note.Note G->,note,134548726627312,1.5,54.0
10,,<music21.chord.Chord E-4 G-4 B-4>,note,134548725054304,2.0,54.0
10,,<music21.articulations.Tenuto>,tenuto,134548725054928,0.0,0.0
10,,<music21.note.Rest dotted-whole>,note,134548725055456,6.0,54.0
10,,<music21.note.Note F>,note,134548727503168,0.25,55.5
10,,<music21.note.Note E->,note,134548726625824,0.25,55.75
10,,<music21.chord.Chord B-4 E-5 G-5 B-5>,note,134548726626160,2.0,56.0
10,,<music21.articulations.Tenuto>,tenuto,134548726627024,0.0,0.0
10,,<music21.note.Rest quarter>,note,134548727504320,1.0,56.0
10,,<music21.note.Rest eighth>,note,134548727504464,0.5,57.0
10,,<music21.note.Note G->,note,134548726627888,0.5,57.5
10,,<music21.chord.Chord B-4 E-5 G-5 B-5>,note,134548727503360,2.0,58.0
10,,<music21.articulations.Tenuto>,tenuto,134548727504176,0.0,0.0
10,,<music21.note.Note E->,note,134548725055024,1.5,58.0
10,,<music21.note.Note C>,note,134548725055216,0.5,59.5
10,11,<music21.spanner.Slur <music21.note.Note G-><music21.note.Note A>>,slur,134548726627264,2.5,0.0
10,11,<music21.dynamics.Diminuendo <music21.note.Note G-><music21.note.Rest whole>>,diminuendo,134548726627120,,
11,,<music21.note.Rest dotted-whole>,note,134548728561344,6.0,60.0
11,,<music21.note.Note C>,note,134548727504656,2.0,60.0
11,,<music21.articulations.Tenuto>,tenuto,134548727504752,0.0,0.0
11,,<music21.chord.Chord C5 E-5 G-5>,note,134548727504992,2.0,60.0
11,,<music21.note.Rest half>,note,134548727507776,2.0,60.0
11,,<music21.note.Rest half>,note,134548727507920,2.0,60.0
11,,<music21.note.Note A>,note,134548726628080,2.0,60.0
11,,<music21.note.Rest half>,note,134548723335392,2.0,60.0
11,,<music21.note.Rest half>,note,134548723336112,2.0,60.0
11,,<music21.note.Rest whole>,note,134548726627696,4.0,62.0
11,,<music21.note.Rest quarter>,note,134548727505616,1.0,62.0
11,,<music21.note.Note A>,note,134548723335488,2.0,62.0
11,,<music21.articulations.Tenuto>,tenuto,134548723335584,0.0,0.0
11,,<music21.chord.Chord C4 F4>,note,134548723336208,2.0,62.0
11,,<music21.note.Rest 16th>,note,134548727505712,0.25,63.0
11,,<music21.note.Note F>,note,134548726743120,0.25,63.25
11,,<music21.note.Note E->,note,134548727505808,0.25,63.5
11,,<music21.note.Note D->,note,134548727506000,0.25,63.75
11,,<music21.note.Note C>,note,134548727506192,0.25,64.0
11,,<music21.note.Note A>,note,134548723335776,2.0,64.0
11,,<music21.articulations.Tenuto>,tenuto,134548723335872,0.0,0.0
11,,<music21.chord.Chord C4 F4>,note,134548723336640,2.0,64.0
11,,<music21.note.Note D->,note,134548727506384,0.25,64.25
11,,<music21.note.Note C>,note,134548727506576,0.25,64.5
11,,<music21.note.Note D->,note,134548727506768,0.25,64.75
11,,<music21.note.Note E->,note,134548727506960,0.25,65.0
11,,<music21.note.Note D->,note,134548727507152,0.25,65.25
11,,<music21.note.Note E->,note,134548727507344,0.25,65.5
11,,<music21.note.Note C>,note,134548727507536,0.25,65.75
11,12,<music21.spanner.Slur <music21.note.Note F><music21.note.Note B->>,slur,134548726743504,4.5,0.0
11,,<music21.dynamics.Dynamic p>,p,134548727508160,,
11,12,<music21.dynamics.Crescendo <music21.note.Note F><music21.note.Note B->>,diminuendo,134548726627840,,
11,,<music21.expressions.TextExpression 'più'>,più,134548727508016,0.0,62.0
12,,<music21.note.Rest dotted-whole>,note,134548728561632,6.0,66.0
12,,<music21.note.Note D->,note,134548726743792,1.5,66.0
12,,<music21.chord.Chord D-4 F4>,note,134548723337264,2.0,66.0
12,,<music21.note.Note B->,note,134548723338608,2.0,66.0
12,,<music21.note.Note C>,note,134548727508448,0.25,67.5
12,,<music21.note.Note B->,note,134548726743312,0.25,67.75
12,,<music21.chord.Chord B-4 D-5 F5>,note,134548726744368,1.0,68.0
12,,<music21.chord.Chord D-4 F4>,note,134548723337696,2.0,68.0
12,,<music21.note.Note B->,note,134548723338800,2.0,68.0
12,,<music21.note.Note F>,note,134548727509120,0.25,69.0
12,,<music21.note.Note G->,note,134548727509360,0.25,69.25
12,,<music21.note.Note F>,note,134548727509552,0.25,69.5
12,,<music21.note.Note E->,note,134548727509744,0.25,69.75
12,,<music21.note.Note D->,note,134548727509936,0.25,70.0
12,,<music21.chord.Chord D-4 F4>,note,134548723338128,2.0,70.0
12,,<music21.note.Note B->,note,134548723338992,2.0,70.0
12,,<music21.note.Note C>,note,134548726745712,0.25,70.25
12,,<music21.note.Note B->,note,134548727510128,0.25,70.5
12,,<music21.note.Note A->,note,134548727510320,0.25,70.75
12,,<music21.note.Note G->,note,134548727510512,0.5,71.0
12,,<music21.note.Note A->,note,134548727510704,0.25,71.5
12,,<music21.note.Note F>,note,134548726744032,0.25,71.75
12,13,<music21.spanner.Slur <music21.chord.Chord B-4 D-5 F5><music21.note.Note G->>,slur,134548726745232,4.0,0.0
12,12,<music21.dynamics.Diminuendo <music21.note.Note D-><music21.note.Note F>>,diminuendo,134548726743648,,
12,13,<music21.dynamics.Crescendo <music21.note.Note C><music21.note.Note D->>,diminuendo,134548726745568,,
12,,<music21.expressions.TextExpression 'poco'>,poco,134548727508640,0.0,68.0
12,,<music21.expressions.TextExpression 'cresc.'>,cresc.,134548727508832,0.0,68.0
13,,<music21.note.Rest dotted-whole>,note,134548731904176,6.0,72.0
13,,<music21.note.Note G->,note,134548726745328,1.0,72.0
13,,<music21.note.Note E->,note,134548725711168,1.0,72.0
13,,<music21.chord.Chord B-3 D-4>,note,134548723339664,2.0,72.0
13,,<music21.note.Note E->,note,134548723341008,2.0,72.0
13,,<music21.note.Note G->,note,134548726746528,0.5,73.0
13,,<music21.note.Rest quarter>,note,134548725711360,1.0,73.0
13,,<music21.note.Rest quarter>,note,134548723339328,1.0,73.0
13,,<music21.note.Note B->,note,134548727510992,0.25,73.5
13,,<music21.note.Note D->,note,134548726745904,0.25,73.75
13,,<music21.note.Note G->,note,134548727511184,1.0,74.0
13,,<music21.articulations.Accent>,accent,134548727511280,0.0,0.0
13,,<music21.note.Rest half>,note,134548725711456,2.0,74.0
13,,<music21.note.Rest half>,note,134548723339424,2.0,74.0
13,,<music21.chord.Chord B-3 C4>,note,134548723340096,2.0,74.0
13,,<music21.note.Note E->,note,134548723341200,2.0,74.0
13,,<music21.note.Note G->,note,134548727511520,0.25,75.0
13,,<music21.note.Note F>,note,134548727511760,0.25,75.25
13,,<music21.note.Note E->,note,134548727511952,0.25,75.5
13,,<music21.note.Note D->,note,134548727512144,0.25,75.75
13,,<music21.note.Note C>,note,134548727512336,0.75,76.0
13,,<music21.note.Rest half>,note,134548725711552,2.0,76.0
13,,<music21.note.Rest half>,note,134548723339520,2.0,76.0
13,,<music21.chord.Chord B-3 C4>,note,134548723340528,2.0,76.0
13,,<music21.note.Note E->,note,134548723341392,2.0,76.0
13,,<music21.note.Note E->,note,134548727512528,0.125,76.75
13,,<music21.note.Note D->,note,134548727512720,0.125,76.875
13,,<music21.note.Note C>,note,134548727512912,0.25,77.0
13,,<music21.note.Note D->,note,134548725710928,0.25,77.25
13,,<music21.note.Note E->,note,134548726746192,0.5,77.5
13,13,<music21.spanner.Slur <music21.note.Note G-><music21.note.Note E->>,slur,134548726746096,5.5,0.0
13,14,<music21.dynamics.Crescendo <music21.note.Note G-><music21.note.Note A>>,diminuendo,134548726746384,,
14,,<music21.note.Rest dotted-whole>,note,134548731904368,6.0,78.0
14,,<music21.note.Note F>,note,134548726747104,0.75,78.0
14,,<music21.note.Rest half>,note,134548725711840,2.0,78.0
14,,<music21.note.Rest half>,note,134548725712800,2.0,78.0
14,,<music21.note.Rest half>,note,134548723341776,2.0,78.0
14,,<music21.note.Rest half>,note,134548723341920,2.0,78.0
14,,<music21.chord.Chord A3 C4>,note,134548723342064,2.0,78.0
14,,<music21.note.Note E->,note,134548723343168,2.0,78.0
14,,<music21.note.Note G>,note,134548725711936,0.125,78.75
14,,<music21.note.Note A>,note,134548725712128,0.125,78.875
14,,<music21.note.Note A>,note,134548725712320,0.75,79.0
14,,<music21.note.Note G>,note,134548725712560,0.125,79.75
14,,<music21.note.Note A>,note,134548726746768,0.125,79.875
14,,<music21.note.Note B->,note,134548726747296,4.0,80.0
14,,<music21.articulations.StrongAccent>,strong accent,134548726747392,0.0,0.0
14,,<music21.note.Rest quarter>,note,134548725712896,1.0,80.0
14,,<music21.chord.Chord F3 B-3>,note,134548723342496,2.0,80.0
14,,<music21.note.Note D->,note,134548723343360,2.0,80.0
14,,<music21.note.Rest eighth>,note,134548725712992,0.5,81.0
14,,<music21.note.Note F>,note,134548726748064,0.5,81.5
14,,<music21.note.Note G->,note,134548725713088,1.5,82.0
14,,<music21.note.Note B->,note,134548723342928,2.0,82.0
14,,<music21.note.Note E->,note,134548723343552,2.0,82.0
14,,<music21.note.Note E->,note,134548726747680,0.5,83.5
14,14,<music21.spanner.Slur <music21.note.Note F><music21.note.Note E->>,slur,134548726747584,5.5,0.0
14,15,<music21.spanner.Slur <music21.note.Note F><music21.note.Note C>>,slur,134548726748688,3.5,0.0
14,,<music21.dynamics.Dynamic mf>,mf,134548725713280,,
14,14,<music21.dynamics.Crescendo <music21.note.Note F><music21.note.Note B->>,diminuendo,134548726746960,,
14,15,<music21.dynamics.Crescendo <music21.note.Note F><music21.chord.Chord C4 A4>>,diminuendo,134548726747920,,
14,,<music21.expressions.TextExpression 'sonore'>,sonore,134548725713472,0.0,81.5
15,,<music21.note.Rest dotted-whole>,note,134548731904512,6.0,84.0
15,,<music21.note.Note B->,note,134548725713760,4.0,84.0
15,,<music21.note.Note C>,note,134548725714000,1.0,84.0
15,,<music21.note.Note F>,note,134548723343840,2.0,84.0
15,,<music21.note.Note F>,note,134548723344464,2.0,84.0
15,,<music21.note.Note C>,note,134548726748784,0.25,85.0
15,,<music21.note.Note D->,note,134548725714288,0.25,85.25
15,,<music21.note.Note C>,note,134548726749456,0.25,85.5
15,,<music21.note.Note D->,note,134548725714480,0.25,85.75
15,,<music21.note.Note E->,note,134548725714672,0.25,86.0
15,,<music21.note.Note F>,note,134548723344032,2.0,86.0
15,,<music21.note.Note F>,note,134548723344656,2.0,86.0
15,,<music21.note.Note D->,note,134548725714864,0.25,86.25
15,,<music21.note.Note C>,note,134548725715056,0.25,86.5
15,,<music21.note.Note D->,note,134548725715248,0.25,86.75
15,,<music21.note.Note E->,note,134548725715440,0.25,87.0
15,,<music21.note.Note F>,note,134548725715632,0.25,87.25
15,,<music21.note.Note E->,note,134548725715824,0.25,87.5
15,,<music21.note.Note F>,note,134548725716016,0.25,87.75
15,,<music21.chord.Chord C4 A4>,note,134548726748256,2.0,88.0
15,,<music21.note.Note G->,note,134548726749648,1.0,88.0
15,,<music21.note.Note F>,note,134548723344224,2.0,88.0
15,,<music21.note.Note F>,note,134548723344848,2.0,88.0
15,,<music21.note.Note F>,note,134548726749984,0.75,89.0
15,,<music21.note.Note E->,note,134548725716208,0.25,89.75
15,16,<music21.spanner.Slur <music21.note.Note C><music21.note.Note D->>,slur,134548726749024,5.0,0.0
15,15,<music21.dynamics.Crescendo <music21.note.Note C><music21.note.Note G->>,diminuendo,134548726749312,,
15,16,<music21.dynamics.Diminuendo <music21.note.Note F><music21.note.Note F>>,diminuendo,134548726749840,,
15,,<music21.expressions.TextExpression 'calando'>,calando,134548725716400,0.0,88.0
16,,<music21.note.Rest dotted-whole>,note,134548731904704,6.0,90.0
16,,<music21.note.Note B->,note,134548725716784,1.5,90.0
16,,<music21.note.Note D->,note,134548726749120,1.5,90.0
16,,<music21.note.Note B->,note,134548723345232,2.0,90.0
16,,<music21.chord.Chord F3 B-3>,note,134548723345856,2.0,90.0
16,,<music21.note.Note C>,note,134548725716976,0.5,91.5
16,,<music21.note.Note E->,note,134548725717696,0.5,91.5
16,,<music21.note.Note D->,note,134548725717168,2.0,92.0
16,,<music21.articulations.Tenuto>,tenuto,134548725717264,0.0,0.0
16,,<music21.chord.Chord F4 B-4>,note,134548725717888,2.0,92.0
16,,<music21.note.Rest half>,note,134548725718800,2.0,92.0
16,,<music21.note.Rest quarter>,note,134548723345424,1.0,92.0
16,,<music21.note.Rest half>,note,134548723346288,2.0,92.0
16,,<music21.note.Rest eighth>,note,134548723345520,0.5,93.0
16,,<music21.note.Note B->,note,134548726750608,0.5,93.5
16,,<music21.note.Note D->,note,134548725717408,2.0,94.0
16,,<music21.articulations.Tenuto>,tenuto,134548725717504,0.0,0.0
16,,<music21.chord.Chord F4 B-4>,note,134548725718320,2.0,94.0
16,,<music21.note.Rest half>,note,134548725718896,2.0,94.0
16,,<music21.note.Note D->,note,134548723345616,1.5,94.0
16,,<music21.note.Rest half>,note,134548723346384,2.0,94.0
16,,<music21.note.Note F>,note,134548726750272,0.5,95.5
16,17,<music21.spanner.Slur <music21.note.Note B-><music21.note.Note G>>,slur,134548726750992,4.5,0.0
16,,<music21.dynamics.Dynamic p>,p,134548725718992,,
16,17,<music21.dynamics.Crescendo <music21.note.Note B-><music21.note.Note B->>,diminuendo,134548726750464,,
17,,<music21.note.Rest dotted-whole>,note,134548731904848,6.0,96.0
17,,<music21.note.Note D->,note,134548726751376,1.5,96.0
17,,<music21.chord.Chord F-4 B-4>,note,134548725719856,1.5,96.0
17,,<music21.note.Note G>,note,134548723346816,2.0,96.0
17,,<music21.note.Note C->,note,134548726752336,0.25,97.5
17,,<music21.note.Rest eighth>,note,134548725720288,0.5,97.5
17,,<music21.note.Rest eighth>,note,134548723346576,0.5,97.5
17,,<music21.note.Note B->,note,134548726750800,0.25,97.75
17,,<music21.note.Note F->,note,134548725719232,2.0,98.0
17,,<music21.articulations.Accent>,accent,134548725719328,0.0,0.0
17,,<music21.chord.Chord B-4 D-5>,note,134548725720384,2.0,98.0
17,,<music21.note.Note G>,note,134548726751088,1.0,98.0
17,,<music21.note.Note G>,note,134548726754256,0.25,99.0
17,,<music21.note.Note B->,note,134548726754832,0.25,99.25
17,,<music21.note.Note A->,note,134548723347104,0.25,99.5
17,,<music21.note.Note G>,note,134548726754496,0.25,99.75
17,,<music21.chord.Chord D-5 F-5>,note,134548726751568,1.5,100.0
17,,<music21.note.Note B->,note,134548725720912,1.5,100.0
17,,<music21.note.Note D->,note,134548723347296,2.0,100.0
17,,<music21.articulations.Accent>,accent,134548723347392,0.0,0.0
17,,<music21.note.Note E->,note,134548726753392,0.25,101.5
17,,<music21.note.Rest eighth>,note,134548725721152,0.5,101.5
17,,<music21.note.Rest eighth>,note,134548723346672,0.5,101.5
17,,<music21.note.Note D->,note,134548725719616,0.25,101.75
17,17,<music21.spanner.Slur <music21.note.Note D-><music21.chord.Chord D-5 F-5>>,slur,134548726751280,4.0,0.0
17,17,<music21.spanner.Slur <music21.note.Note D-><music21.chord.Chord D-5 F-5>>,slur,134548726752048,4.0,0.0
17,18,<music21.spanner.Slur <music21.note.Note E-><music21.note.Note G>>,slur,134548726753776,2.5,0.0
17,18,<music21.spanner.Slur <music21.note.Note B-><music21.note.Note D->>,slur,134548726754688,2.75,0.0
17,18,<music21.dynamics.Crescendo <music21.note.Note B-><music21.note.Note G>>,diminuendo,134548726752672,,
17,18,<music21.dynamics.Crescendo <music21.note.Note E-><music21.note.Note E->>,diminuendo,134548726753248,,
17,17,<music21.dynamics.Crescendo <music21.note.Note G><music21.note.Note G>>,diminuendo,134548726753824,,
17,,<music21.expressions.TextExpression 'cresc.'>,cresc.,134548725721248,0.0,97.5
18,,<music21.note.Rest dotted-whole>,note,134548731905040,6.0,102.0
18,,<music21.note.Note G>,note,134548726752816,2.0,102.0
18,,<music21.articulations.Accent>,accent,134548726752960,0.0,0.0
18,,<music21.chord.Chord B-4 D-5>,note,134548725722256,2.0,102.0
18,,<music21.note.Rest half>,note,134548725722880,2.0,102.0
18,,<music21.note.Rest whole>,note,134548725723840,4.0,102.0
18,,<music21.note.Rest half>,note,134548723348016,2.0,102.0
18,,<music21.note.Rest whole>,note,134548723348448,4.0,102.0
18,,<music21.note.Note D->,note,134548726755024,1.5,102.0
18,,<music21.note.Rest quarter>,note,134548725721728,1.0,103.0
18,,<music21.note.Rest quarter>,note,134548723347872,1.0,103.0
18,,<music21.note.Note C->,note,134548726756224,0.25,103.5
18,,<music21.note.Note B->,note,134548723348592,0.25,103.75
18,,<music21.note.Note G>,note,134548726753920,1.5,104.0
18,,<music21.chord.Chord B-4 D-5>,note,134548725722976,1.5,104.0
18,,<music21.note.Rest half>,note,134548725723504,2.0,104.0
18,,<music21.note.Rest half>,note,134548723348112,2.0,104.0
18,,<music21.note.Note F->,note,134548723348784,0.5,104.0
18,,<music21.note.Note E->,note,134548723348976,0.5,104.5
18,,<music21.note.Note F->,note,134548723349168,0.5,105.0
18,,<music21.note.Note F->,note,134548726755408,0.25,105.5
18,,<music21.note.Rest eighth>,note,134548725723600,0.5,105.5
18,,<music21.note.Rest eighth>,note,134548723348208,0.5,105.5
18,,<music21.note.Note D->,note,134548723349360,0.5,105.5
18,,<music21.note.Note E->,note,134548726753584,0.25,105.75
18,,<music21.note.Note A->,note,134548725721824,2.0,106.0
18,,<music21.articulations.StrongAccent>,strong accent,134548725721920,0.0,0.0
18,,<music21.note.Rest half>,note,134548725723696,2.0,106.0
18,,<music21.chord.Chord C-5 E-5>,note,134548725723936,2.0,106.0
18,,<music21.note.Rest half>,note,134548723348304,2.0,106.0
18,,<music21.note.Note C->,note,134548723349552,0.25,106.0
18,,<music21.note.Note B->,note,134548723349744,0.25,106.25
18,,<music21.note.Note A->,note,134548726756848,0.25,106.5
18,,<music21.note.Note B->,note,134548723349936,0.25,106.75
18,,<music21.note.Note C->,note,134548723350128,0.25,107.0
18,,<music21.note.Note A->,note,134548723350320,0.25,107.25
18,,<music21.note.Note B->,note,134548723350512,0.25,107.5
18,,<music21.note.Note C->,note,134548726755600,0.25,107.75
18,19,<music21.spanner.Slur <music21.note.Note F-><music21.note.Note A->>,slur,134548726755792,2.5,0.0
18,19,<music21.spanner.Slur <music21.note.Note C-><music21.note.Note F->>,slur,134548726756128,5.5,0.0
18,18,<music21.dynamics.Crescendo <music21.note.Note F-><music21.note.Note C->>,diminuendo,134548726754736,,
18,19,<music21.dynamics.Crescendo <music21.note.Note A-><music21.note.Note E->>,diminuendo,134548726756704,,
18,,<music21.expressions.TextExpression 'molto espr...'>,molto espressivo,134548723350704,0.0,103.5
19,,<music21.note.Rest half>,note,134548731905184,2.0,108.0
19,,<music21.note.Note A->,note,134548726755888,0.5,108.0
19,,<music21.note.Rest half>,note,134548725724464,2.0,108.0
19,,<music21.note.Rest half>,note,134548725725232,2.0,108.0
19,,<music21.note.Rest half>,note,134548725725568,2.0,108.0
19,,<music21.note.Rest half>,note,134548723350944,2.0,108.0
19,,<music21.note.Rest half>,note,134548723351088,2.0,108.0
19,,<music21.note.Rest half>,note,134548723351232,2.0,108.0
19,,<music21.note.Note F->,note,134548723351376,1.0,108.0
19,,<music21.articulations.Accent>,accent,134548723351472,0.0,0.0
19,,<music21.note.Note G>,note,134548726757376,0.5,108.5
19,,<music21.note.Note A->,note,134548725724560,0.5,109.0
19,,<music21.note.Note F->,note,134548726756416,0.25,109.0
19,,<music21.note.Note F->,note,134548726758144,0.25,109.25
19,,<music21.note.Note B->,note,134548725724752,0.5,109.5
19,,<music21.note.Note E->,note,134548723810576,0.25,109.5
19,,<music21.note.Note D->,note,134548723810768,0.25,109.75
19,,<music21.note.Note C->,note,134548728553760,1/6,110.0
19,,<music21.note.Note B->,note,134548725724944,3.0,110.0
19,,<music21.note.Note E->,note,134548726757040,2.0,110.0
19,,<music21.note.Note G>,note,134548725725664,4.0,110.0
19,,<music21.note.Note E->,note,134548723810960,1.5,110.0
19,,<music21.note.Note B->,note,134548731905280,1/6,661/6
19,,<music21.note.Note C->,note,134548731905712,1/6,331/3
19,,<music21.note.Note B->,note,134548731906144,1/6,110.5
19,,<music21.note.Note C->,note,134548731906576,1/6,332/3
19,,<music21.note.Note B->,note,134548731907056,1/6,665/6
19,,<music21.note.Note C->,note,134548731907488,0.125,111.0
19,,<music21.note.Note B->,note,134548731907680,0.125,111.125
19,,<music21.note.Note C->,note,134548731907872,0.125,111.25
19,,<music21.note.Note B->,note,134548731908064,0.125,111.375
19,,<music21.note.Note C->,note,134548731908256,1/10,111.5
19,,<music21.note.Note D->,note,134548723811152,0.5,111.5
19,,<music21.note.Note B->,note,134548731908736,1/10,558/5
19,,<music21.note.Note C->,note,134548731909216,1/10,1117/10
19,,<music21.note.Note B->,note,134548731909648,1/10,559/5
19,,<music21.note.Note C->,note,134548731910080,1/10,1119/10
19,,<music21.note.Note B->,note,134548731910512,1.5,112.0
19,,<music21.note.Note D->,note,134548725725328,2.0,112.0
19,,<music21.note.Note E->,note,134548723811344,1.5,112.0
19,,<music21.note.Note A->,note,134548726757856,1.0,113.0
19,,<music21.note.Note A->,note,134548728555008,0.5,113.5
19,,<music21.note.Note E->,note,134548723811536,0.5,113.5
19,19,<music21.spanner.Slur <music21.note.Note C-><music21.note.Note A->>,slur,134548728553616,3.5,0.0
19,19,<music21.spanner.Slur <music21.note.Note G><music21.note.Note A->>,slur,134548726757760,4.5,0.0
19,20,<music21.spanner.Slur <music21.note.Note F-><music21.note.Note A->>,slur,134548726758048,4.75,0.0
19,,<music21.dynamics.Dynamic f>,f,134548725725808,,
19,24,<music21.dynamics.Crescendo <music21.note.Note G><music21.note.Note A->>,diminuendo,134548726757232,,
20,,<music21.note.Rest dotted-whole>,note,134548731910848,6.0,114.0
20,,<music21.note.Note A->,note,134548725726240,1.5,114.0
20,,<music21.articulations.Tenuto>,tenuto,134548725726336,0.0,0.0
20,,<music21.chord.Chord C-5 E-5>,note,134548725726720,1.5,114.0
20,,<music21.note.Note A->,note,134548726758336,2.0,114.0
20,,<music21.note.Rest dotted-whole>,note,134548725726480,4.5,115.5
20,,<music21.note.Note C->,note,134548725727152,0.5,115.5
20,,<music21.articulations.Staccato>,staccato,134548726005840,0.0,0.0
20,,<music21.articulations.Tenuto>,tenuto,134548726005936,0.0,0.0
20,,<music21.note.Note F>,note,134548726758672,1.5,116.0
20,,<music21.articulations.Accent>,accent,134548726758768,0.0,0.0
20,,<music21.note.Rest quarter>,note,134548723811872,1.0,116.0
20,,<music21.note.Rest eighth>,note,134548723811968,0.5,117.0
20,,<music21.note.Note G->,note,134548726006128,0.25,117.5
20,,<music21.note.Note C->,note,134548723812064,0.5,117.5
20,,<music21.articulations.Staccato>,staccato,134548723812160,0.0,0.0
20,,<music21.articulations.Tenuto>,tenuto,134548723812208,0.0,0.0
20,,<music21.note.Note A->,note,134548726006320,0.25,117.75
20,,<music21.note.Note D>,note,134548726006512,1.5,118.0
20,,<music21.articulations.Accent>,accent,134548726006608,0.0,0.0
20,,<music21.note.Note F>,note,134548726759344,1.5,118.0
20,,<music21.articulations.Accent>,accent,134548726890576,0.0,0.0
20,,<music21.note.Note E->,note,134548726006800,0.25,119.5
20,,<music21.note.Note G->,note,134548723812352,0.25,119.5
20,,<music21.note.Note F>,note,134548726006992,0.25,119.75
20,,<music21.note.Note A->,note,134548723812544,0.25,119.75
20,21,<music21.spanner.Slur <music21.note.Note F><music21.note.Note B->>,slur,134548726758576,4.0,0.0
20,21,<music21.spanner.Slur <music21.note.Note F><music21.note.Note B->>,slur,134548726759248,4.0,0.0
20,,<music21.dynamics.Dynamic mf>,mf,134548726007184,,
21,,<music21.note.Rest dotted-whole>,note,134548731910992,6.0,120.0
21,,<music21.note.Note B->,note,134548726758960,1.5,120.0
21,,<music21.articulations.Tenuto>,tenuto,134548726759056,0.0,0.0
21,,<music21.note.Note D>,note,134548723812784,1.5,120.0
21,,<music21.articulations.Accent>,accent,134548723812880,0.0,0.0
21,,<music21.note.Note A->,note,134548726007376,0.5,121.5
21,,<music21.articulations.Staccato>,staccato,134548726007472,0.0,0.0
21,,<music21.articulations.Tenuto>,tenuto,134548726007520,0.0,0.0
21,,<music21.note.Note E->,note,134548723813024,0.25,121.5
21,,<music21.note.Note F>,note,134548723813216,0.25,121.75
21,,<music21.note.Note D>,note,134548726891008,1.5,122.0
21,,<music21.articulations.Accent>,accent,134548726891104,0.0,0.0
21,,<music21.note.Note B->,note,134548726890720,1.5,122.0
21,,<music21.note.Note E->,note,134548726007664,0.25,123.5
21,,<music21.note.Note A->,note,134548723813408,0.5,123.5
21,,<music21.articulations.Staccato>,staccato,134548723813504,0.0,0.0
21,,<music21.articulations.Tenuto>,tenuto,134548723813552,0.0,0.0
21,,<music21.note.Note F>,note,134548726007856,0.25,123.75
21,,<music21.note.Note B->,note,134548726008048,1.5,124.0
21,,<music21.articulations.Accent>,accent,134548726008144,0.0,0.0
21,,<music21.note.Note D>,note,134548726891536,1.5,124.0
21,,<music21.articulations.Accent>,accent,134548726891632,0.0,0.0
21,,<music21.note.Note C>,note,134548726008288,0.25,125.5
21,,<music21.note.Note E->,note,134548723813696,0.25,125.5
21,,<music21.note.Note D>,note,134548726008480,0.25,125.75
21,,<music21.note.Note F>,note,134548723813888,0.25,125.75
21,22,<music21.spanner.Slur <music21.note.Note D><music21.note.Note E->>,slur,134548726890912,4.0,0.0
21,22,<music21.spanner.Slur <music21.note.Note D><music21.note.Note G>>,slur,134548726891440,4.0,0.0
22,,<music21.note.Rest dotted-whole>,note,134548731911136,6.0,126.0
22,,<music21.note.Note E->,note,134548726891248,1.5,126.0
22,,<music21.note.Rest half>,note,134548726009056,2.0,126.0
22,,<music21.note.Rest whole>,note,134548726009920,4.0,126.0
22,,<music21.note.Rest half>,note,134548723814176,2.0,126.0
22,,<music21.note.Rest whole>,note,134548723814416,4.0,126.0
22,,<music21.note.Note G->,note,134548723814560,2.0,126.0
22,,<music21.note.Note D->,note,134548726009152,0.25,127.5
22,,<music21.note.Note C->,note,134548726009344,0.25,127.75
22,,<music21.note.Note D->,note,134548726892352,2.0,128.0
22,,<music21.note.Rest half>,note,134548726009536,2.0,128.0
22,,<music21.note.Rest half>,note,134548723814272,2.0,128.0
22,,<music21.note.Note G>,note,134548726891776,1.5,128.0
22,,<music21.note.Note B->,note,134548726892640,0.5,129.5
22,,<music21.note.Note D->,note,134548726009632,2.0,130.0
22,,<music21.articulations.Tenuto>,tenuto,134548726009728,0.0,0.0
22,,<music21.chord.Chord E-4 B-4>,note,134548726010016,2.0,130.0
22,,<music21.note.Note G>,note,134548723814752,1.5,130.0
22,,<music21.note.Note E->,note,134548723814944,0.5,131.5
22,22,<music21.spanner.Slur <music21.note.Note E-><music21.note.Note D->>,slur,134548726892256,2.0,0.0
22,23,<music21.spanner.Slur <music21.note.Note B-><music21.note.Note A->>,slur,134548726892544,2.5,0.0
22,,<music21.expressions.TextExpression 'dim.'>,dim.,134548726008720,0.0,126.0
23,,<music21.note.Rest dotted-whole>,note,134548731911328,6.0,132.0
23,,<music21.note.Note D->,note,134548726893120,1.5,132.0
23,,<music21.chord.Chord E-4 B-4>,note,134548726011312,1.5,132.0
23,,<music21.note.Note A->,note,134548726892832,2.0,132.0
23,,<music21.note.Note C->,note,134548726010640,0.25,133.5
23,,<music21.note.Rest eighth>,note,134548726011744,0.5,133.5
23,,<music21.note.Note B->,note,134548726010832,0.25,133.75
23,,<music21.note.Note C->,note,134548726893312,2.0,134.0
23,,<music21.note.Rest half>,note,134548726011840,2.0,134.0
23,,<music21.note.Rest quarter>,note,134548723815280,1.0,134.0
23,,<music21.note.Rest eighth>,note,134548723815376,0.5,135.0
23,,<music21.note.Note C->,note,134548726893600,0.5,135.5
23,,<music21.note.Note C->,note,134548726011024,2.0,136.0
23,,<music21.articulations.Tenuto>,tenuto,134548726011120,0.0,0.0
23,,<music21.chord.Chord E-4 A-4>,note,134548726011936,2.0,136.0
23,,<music21.note.Note A->,note,134548723815472,1.5,136.0
23,,<music21.note.Note F>,note,134548723815664,0.5,137.5
23,23,<music21.spanner.Slur <music21.note.Note D-><music21.note.Note C->>,slur,134548726893024,2.0,0.0
23,24,<music21.spanner.Slur <music21.note.Note C-><music21.note.Note D>>,slur,134548726893504,2.5,0.0
24,,<music21.note.Rest half>,note,134548731911472,2.0,138.0
24,,<music21.note.Note C->,note,134548726894128,1.5,138.0
24,,<music21.chord.Chord F4 A-4>,note,134548726013328,1.5,138.0
24,,<music21.chord.Chord F3 A-3>,note,134548723816288,2.0,138.0
24,,<music21.note.Note D>,note,134548726893792,2.0,138.0
24,,<music21.note.Note B->,note,134548726012464,0.25,139.5
24,,<music21.note.Rest eighth>,note,134548726013760,0.5,139.5
24,,<music21.note.Rest eighth>,note,134548723815952,0.5,139.5
24,,<music21.note.Note A->,note,134548726757568,0.25,139.75
24,,<music21.note.Rest half>,note,134548731911568,2.0,140.0
24,,<music21.note.Note F>,note,134548726012656,1.5,140.0
24,,<music21.note.Rest half>,note,134548726013856,2.0,140.0
24,,<music21.note.Rest half>,note,134548723816048,2.0,140.0
24,,<music21.chord.Chord F3 B-3>,note,134548723816720,2.0,140.0
24,,<music21.note.Note D>,note,134548723817632,2.0,140.0
24,,<music21.note.Note C->,note,134548726894992,0.5,141.5
24,,<music21.note.Note B->,note,134548731911664,0.125,142.0
24,,<music21.note.Note B->,note,134548726012848,1.5,142.0
24,,<music21.note.Rest half>,note,134548726013952,2.0,142.0
24,,<music21.note.Rest half>,note,134548723816144,2.0,142.0
24,,<music21.chord.Chord F3 B-3>,note,134548723817152,2.0,142.0
24,,<music21.note.Note D>,note,134548723817824,2.0,142.0
24,,<music21.note.Note C->,note,134548731911856,0.125,142.125
24,,<music21.note.Note B->,note,134548731912048,0.125,142.25
24,,<music21.note.Note C->,note,134548731912240,0.125,142.375
24,,<music21.note.Note B->,note,134548731912432,0.125,142.5
24,,<music21.note.Note C->,note,134548731912624,0.125,142.625
24,,<music21.note.Note B->,note,134548731912816,0.125,142.75
24,,<music21.note.Note C->,note,134548731913008,0.125,142.875
24,,<music21.note.Note B->,note,134548731913200,1/10,143.0
24,,<music21.note.Note C->,note,134548731913584,1/10,1431/10
24,,<music21.note.Note B->,note,134548731914064,1/10,716/5
24,,<music21.note.Note A->,note,134548731914496,1/10,1433/10
24,,<music21.note.Note B->,note,134548731914928,1/10,717/5
24,,<music21.note.Note A->,note,134548726895472,0.0,143.5
24,,<music21.note.Note B->,note,134548726895664,0.0,143.5
24,,<music21.note.Note C->,note,134548731915360,0.25,143.5
24,,<music21.note.Note C->,note,134548726013088,0.25,143.5
24,,<music21.note.Note A->,note,134548731915552,0.25,143.75
24,,<music21.note.Note A->,note,134548726894320,0.25,143.75
24,25,<music21.spanner.Slur <music21.note.Note C-><music21.note.Note G->>,slur,134548726894512,8.0,0.0
24,24,<music21.spanner.Slur <music21.note.Note A-><music21.note.Note B->>,slur,134548726895376,0.0,0.0
24,,<music21.dynamics.Dynamic p>,p,134548726014048,,
24,24,<music21.dynamics.Crescendo <music21.note.Note C-><music21.note.Note A->>,diminuendo,134548726893984,,
24,27,<music21.dynamics.Diminuendo <music21.note.Note C-><music21.note.Note D>>,diminuendo,134548726894848,,
25,,<music21.note.Rest dotted-whole>,note,134548731915840,6.0,144.0
25,,<music21.note.Note G->,note,134548726014384,2.0,144.0
25,,<music21.articulations.Accent>,accent,134548726014480,0.0,0.0
25,,<music21.note.Note E->,note,134548726017264,2.0,144.0
25,,<music21.note.Rest half>,note,134548726017696,2.0,144.0
25,,<music21.note.Rest whole>,note,134548726017936,4.0,144.0
25,,<music21.chord.Chord E-3 G-3 B-3>,note,134548723818448,2.0,144.0
25,,<music21.note.Rest half>,note,134548723819072,2.0,144.0
25,,<music21.note.Rest whole>,note,134548723820368,4.0,144.0
25,,<music21.note.Note G->,note,134548726894608,0.25,146.0
25,,<music21.note.Rest half>,note,134548726017456,2.0,146.0
25,,<music21.note.Rest half>,note,134548726017792,2.0,146.0
25,,<music21.note.Rest half>,note,134548723818208,2.0,146.0
25,,<music21.chord.Chord E-3 G-3 B-3>,note,134548723819168,2.0,146.0
25,,<music21.note.Rest half>,note,134548723819792,2.0,146.0
25,,<music21.note.Note E->,note,134548726896048,0.25,146.25
25,,<music21.note.Note F>,note,134548726014720,0.25,146.5
25,,<music21.note.Note G->,note,134548726014912,0.25,146.75
25,,<music21.note.Note A->,note,134548726015104,0.25,147.0
25,,<music21.note.Note B->,note,134548726015296,0.25,147.25
25,,<music21.note.Note C>,note,134548726015488,0.25,147.5
25,,<music21.note.Note D>,note,134548726015680,0.25,147.75
25,,<music21.note.Note E->,note,134548726015872,0.25,148.0
25,,<music21.note.Rest half>,note,134548726017552,2.0,148.0
25,,<music21.note.Rest half>,note,134548723818304,2.0,148.0
25,,<music21.chord.Chord E-3 B-3>,note,134548723819888,2.0,148.0
25,,<music21.note.Note G->,note,134548723820464,2.0,148.0
25,,<music21.note.Note F>,note,134548726016064,0.25,148.25
25,,<music21.note.Note G->,note,134548726016256,0.25,148.5
25,,<music21.note.Note A->,note,134548726016448,0.25,148.75
25,,<music21.note.Note G->,note,134548726016640,0.25,149.0
25,,<music21.note.Note F>,note,134548726016832,0.25,149.25
25,,<music21.note.Note G->,note,134548726017024,0.25,149.5
25,,<music21.note.Note E->,note,134548726896480,0.25,149.75
25,25,<music21.spanner.Slur <music21.note.Note E-><music21.note.Note E->>,slur,134548726896384,3.5,0.0
25,,<music21.dynamics.Dynamic f>,f,134548726018512,,
25,,<music21.expressions.TextExpression 'molto'>,molto,134548726018032,0.0,146.25
25,,<music21.expressions.TextExpression 'cresc.'>,cresc.,134548726018224,0.0,146.25
26,,<music21.note.Rest dotted-whole>,note,134548731915984,6.0,150.0
26,,<music21.note.Note F->,note,134548726896768,1.5,150.0
26,,<music21.chord.Chord F-4 A-4 C-5>,note,134548726020192,1.5,150.0
26,,<music21.chord.Chord A-2 C-3 F-3 A-3>,note,134548723821088,2.0,150.0
26,,<music21.note.Note C->,note,134548726018752,0.25,151.5
26,,<music21.note.Rest eighth>,note,134548726020816,0.5,151.5
26,,<music21.note.Rest eighth>,note,134548723820752,0.5,151.5
26,,<music21.note.Note B-->,note,134548726018944,0.25,151.75
26,,<music21.note.Note A->,note,134548726019184,1.5,152.0
26,,<music21.note.Rest half>,note,134548726020912,2.0,152.0
26,,<music21.note.Rest half>,note,134548723820848,2.0,152.0
26,,<music21.note.Rest half>,note,134548723821904,2.0,152.0
26,,<music21.note.Note B-->,note,134548726019376,0.25,153.5
26,,<music21.note.Note C->,note,134548726019568,0.25,153.75
26,,<music21.note.Note F->,note,134548726019760,1.5,154.0
26,,<music21.note.Rest half>,note,134548726021008,2.0,154.0
26,,<music21.note.Rest half>,note,134548723820944,2.0,154.0
26,,<music21.note.Rest half>,note,134548723822000,2.0,154.0
26,,<music21.note.Note G->,note,134548726019952,0.25,155.5
26,,<music21.note.Note A->,note,134548726896960,0.25,155.75
26,26,<music21.spanner.Slur <music21.note.Note F-><music21.note.Note A->>,slur,134548726896672,5.75,0.0
26,,<music21.dynamics.Dynamic sf>,sf,134548726021104,,
26,,<music21.expressions.TextExpression 'deciso'>,deciso,134548726021296,0.0,151.5
27,,<music21.note.Rest dotted-whole>,note,134548731916176,6.0,156.0
27,,<music21.note.Note D>,note,134548726897296,1.5,156.0
27,,<music21.chord.Chord A-2 F3 B-3>,note,134548723822240,2.0,156.0
27,,<music21.note.Note F>,note,134548726021776,0.25,157.5
27,,<music21.note.Note A->,note,134548726021968,0.25,157.75
27,,<music21.note.Note C->,note,134548726317136,1.5,158.0
27,,<music21.note.Rest half>,note,134548723822864,2.0,158.0
27,,<music21.note.Note B->,note,134548726317328,0.25,159.5
27,,<music21.note.Note A->,note,134548726317520,0.25,159.75
27,,<music21.note.Note F>,note,134548726317712,1.5,160.0
27,,<music21.note.Rest half>,note,134548723822960,2.0,160.0
27,,<music21.note.Note E->,note,134548726317904,0.25,161.5
27,,<music21.note.Note D>,note,134548726895184,0.25,161.75
27,27,<music21.spanner.Slur <music21.note.Note D><music21.note.Note D>>,slur,134548726897680,5.75,0.0
27,,<music21.dynamics.Dynamic sf>,sf,134548726021632,,
27,28,<music21.dynamics.Crescendo <music21.note.Note D><music21.note.Note B->>,diminuendo,134548726897152,,
28,,<music21.note.Rest dotted-whole>,note,134548731916320,6.0,162.0
28,,<music21.note.Note C->,note,134548726897872,0.5,162.0
28,,<music21.note.Rest half>,note,134548726318192,2.0,162.0
28,,<music21.note.Rest half>,note,134548726318336,2.0,162.0
28,,<music21.note.Rest half>,note,134548726319344,2.0,162.0
28,,<music21.note.Rest half>,note,134548726319488,2.0,162.0
28,,<music21.note.Rest half>,note,134548723823152,2.0,162.0
28,,<music21.note.Rest half>,note,134548723823296,2.0,162.0
28,,<music21.note.Rest half>,note,134548723823440,2.0,162.0
28,,<music21.note.Rest half>,note,134548723823536,2.0,162.0
28,,<music21.note.Rest half>,note,134548723824928,2.0,162.0
28,,<music21.note.Note A>,note,134548726898064,1.0,162.5
28,,<music21.articulations.StrongAccent>,strong accent,134548726898160,0.0,0.0
28,,<music21.note.Note B->,note,134548726897488,0.5,163.5
28,,<music21.note.Note E->,note,134548726898928,2.0,164.0
28,,<music21.chord.Chord G-4 B-4>,note,134548726318432,2.0,164.0
28,,<music21.chord.Chord E-3 G-3 B-3>,note,134548723823632,2.0,164.0
28,,<music21.note.Note B->,note,134548723825024,2.0,164.0
28,,<music21.note.Note D>,note,134548726899360,1.5,166.0
28,,<music21.chord.Chord F4 B-4>,note,134548726318864,2.0,166.0
28,,<music21.chord.Chord F3 A-3 B-3>,note,134548723824256,2.0,166.0
28,,<music21.note.Note B->,note,134548723825216,2.0,166.0
28,,<music21.note.Note E->,note,134548726899552,0.5,167.5
28,28,<music21.spanner.Slur <music21.note.Note C-><music21.note.Note A>>,slur,134548726897776,0.5,0.0
28,28,<music21.spanner.Slur <music21.note.Note C-><music21.note.Note B->>,slur,134548726898352,1.5,0.0
28,28,<music21.spanner.Slur <music21.note.Note D><music21.note.Note E->>,slur,134548726899264,1.5,0.0
28,29,<music21.dynamics.Diminuendo <music21.note.Note A><music21.note.Note E->>,diminuendo,134548726898448,,
28,,<music21.expressions.TextExpression 'dim.'>,dim.,134548726319584,0.0,164.0
29,,<music21.note.Rest half>,note,134548731916512,2.0,168.0
29,,<music21.note.Note E->,note,134548726898592,6.0,168.0
29,,<music21.chord.Chord E-4 B-4>,note,134548726320304,1.0,168.0
29,,<music21.note.Rest half>,note,134548726322800,2.0,168.0
29,,<music21.note.Rest half>,note,134548726322944,2.0,168.0
29,,<music21.chord.Chord C-3 E-4>,note,134548723825600,2.0,168.0
29,,<music21.note.Rest half>,note,134548723826032,2.0,168.0
29,,<music21.note.Rest half>,note,134548723826560,2.0,168.0
29,,<music21.chord.Chord E-4 B-4>,note,134548726320832,0.25,169.0
29,,<music21.note.Note A->,note,134548726321360,0.25,169.25
29,,<music21.note.Note G>,note,134548726321552,0.25,169.5
29,,<music21.note.Note A->,note,134548726899888,0.25,169.75
29,,<music21.note.Note B->,note,134548731916608,0.125,170.0
29,,<music21.note.Note A->,note,134548726321744,2.0,170.0
29,,<music21.note.Note E->,note,134548723826128,2.0,170.0
29,,<music21.note.Note C->,note,134548723826656,2.0,170.0
29,,<music21.note.Note A->,note,134548731916800,0.125,170.125
29,,<music21.note.Note B->,note,134548731916992,0.125,170.25
29,,<music21.note.Note A->,note,134548731917184,0.125,170.375
29,,<music21.note.Note B->,note,134548731917376,0.125,170.5
29,,<music21.note.Note A->,note,134548731917568,0.125,170.625
29,,<music21.note.Note B->,note,134548731917760,0.125,170.75
29,,<music21.note.Note A->,note,134548731917952,0.125,170.875
29,,<music21.note.Note B->,note,134548731918144,0.125,171.0
29,,<music21.note.Note A->,note,134548731918336,0.125,171.125
29,,<music21.note.Note B->,note,134548731918528,0.125,171.25
29,,<music21.note.Note A->,note,134548731918720,0.125,171.375
29,,<music21.note.Note B->,note,134548731918912,0.125,171.5
29,,<music21.note.Note A->,note,134548731919104,0.125,171.625
29,,<music21.note.Note B->,note,134548731919296,0.125,171.75
29,,<music21.note.Note A->,note,134548731919488,0.125,171.875
29,,<music21.note.Note B->,note,134548731919680,0.125,172.0
29,,<music21.note.Note A->,note,134548726322128,1.5,172.0
29,,<music21.note.Note E->,note,134548723826320,2.0,172.0
29,,<music21.note.Note C->,note,134548724203744,2.0,172.0
29,,<music21.note.Note A->,note,134548731919872,0.125,172.125
29,,<music21.note.Note B->,note,134548731920064,0.125,172.25
29,,<music21.note.Note A->,note,134548731920256,0.125,172.375
29,,<music21.note.Note B->,note,134548726612096,0.125,172.5
29,,<music21.note.Note A->,note,134548726612288,0.125,172.625
29,,<music21.note.Note B->,note,134548726612480,0.125,172.75
29,,<music21.note.Note A->,note,134548726612672,0.125,172.875
29,,<music21.note.Note B->,note,134548726612864,0.125,173.0
29,,<music21.note.Note A->,note,134548726613056,0.125,173.125
29,,<music21.note.Note B->,note,134548726613248,0.125,173.25
29,,<music21.note.Note A->,note,134548726613440,0.125,173.375
29,,<music21.note.Note G>,note,134548726613632,0.25,173.5
29,,<music21.note.Note G>,note,134548726322368,0.25,173.5
29,,<music21.note.Note A->,note,134548726613872,0.25,173.75
29,,<music21.note.Note A->,note,134548726322560,0.25,173.75
29,,<music21.dynamics.Dynamic p>,p,134548726323040,,
29,31,<music21.dynamics.Crescendo <music21.note.Note A-><music21.chord.Chord B-3 G4>>,diminuendo,134548726899744,,
29,,<music21.expressions.TextExpression 'subito'>,subito,134548726319920,0.0,168.0
30,,<music21.note.Rest dotted-whole>,note,134548726614112,6.0,174.0
30,,<music21.note.Note E->,note,134548726323280,2.0,174.0
30,,<music21.note.Note B->,note,134548726324720,6.0,174.0
30,,<music21.articulations.Accent>,accent,134548726324816,0.0,0.0
30,,<music21.chord.Chord B-3 E-4>,note,134548724204032,2.0,174.0
30,,<music21.note.Note G>,note,134548724205376,2.0,174.0
30,,<music21.note.Note E->,note,134548726323472,1.0,176.0
30,,<music21.chord.Chord B-3 E-4>,note,134548724204464,2.0,176.0
30,,<music21.note.Note G>,note,134548724205568,2.0,176.0
30,,<music21.note.Note E->,note,134548726323664,0.25,177.0
30,,<music21.note.Note E->,note,134548726900608,0.25,177.25
30,,<music21.note.Note D->,note,134548726323904,0.25,177.5
30,,<music21.note.Note C->,note,134548726324096,0.25,177.75
30,,<music21.note.Note D->,note,134548726324288,1.5,178.0
30,,<music21.chord.Chord B-3 E-4>,note,134548724204896,2.0,178.0
30,,<music21.note.Note G>,note,134548724205760,2.0,178.0
30,,<music21.note.Note B->,note,134548726324480,0.5,179.5
30,31,<music21.spanner.Slur <music21.note.Note E-><music21.chord.Chord E-4 A-4 C-5>>,slur,134548726900512,4.75,0.0
30,,<music21.expressions.TextExpression 'dolce'>,dolce,134548726324912,0.0,177.25
31,,<music21.note.Rest dotted-whole>,note,134548726614352,6.0,180.0
31,,<music21.chord.Chord E-4 A-4 C-5>,note,134548726325248,2.0,180.0
31,,<music21.chord.Chord A-3 C-4>,note,134548724206096,2.0,180.0
31,,<music21.chord.Chord E-4 A-4 C-5>,note,134548726900800,1.0,182.0
31,,<music21.note.Note F->,note,134548724206528,2.0,182.0
31,,<music21.chord.Chord E-4 A-4 C-5>,note,134548726901568,0.25,183.0
31,,<music21.chord.Chord E-4 C-5>,note,134548726902624,0.25,183.25
31,,<music21.chord.Chord D-4 B-4>,note,134548726326064,0.25,183.5
31,,<music21.chord.Chord C-4 A-4>,note,134548726326496,0.25,183.75
31,,<music21.chord.Chord D-4 B-4>,note,134548726326928,1.5,184.0
31,,<music21.note.Note F->,note,134548724206720,2.0,184.0
31,,<music21.chord.Chord B-3 G4>,note,134548726900080,0.5,185.5
31,32,<music21.spanner.Slur <music21.chord.Chord E-4 C-5><music21.chord.Chord C-4 A-4>>,slur,134548726902528,2.75,0.0
31,32,<music21.dynamics.Crescendo <music21.chord.Chord E-4 A-4 C-5><music21.note.Note A->>,diminuendo,134548726901424,,
32,,<music21.note.Rest dotted-whole>,note,134548726614496,6.0,186.0
32,,<music21.chord.Chord C-4 A-4>,note,134548726903056,2.0,186.0
32,,<music21.articulations.Tenuto>,tenuto,134548726903488,0.0,0.0
32,,<music21.articulations.StrongAccent>,strong accent,134548726903536,0.0,0.0
32,,<music21.note.Note D>,note,134548726327984,2.0,186.0
32,,<music21.note.Note F>,note,134548724207152,2.0,186.0
32,,<music21.articulations.StrongAccent>,strong accent,134548724207248,0.0,0.0
32,,<music21.chord.Chord C-4 A-4>,note,134548726327456,2.0,188.0
32,,<music21.articulations.Tenuto>,tenuto,134548726327888,0.0,0.0
32,,<music21.note.Note D>,note,134548726328176,2.0,188.0
32,,<music21.note.Note F>,note,134548724207536,1.0,188.0
32,,<music21.note.Note F>,note,134548724207728,0.25,189.0
32,,<music21.note.Note G->,note,134548726904544,0.25,189.25
32,,<music21.note.Note F>,note,134548724207968,0.25,189.5
32,,<music21.note.Note E->,note,134548724208160,0.25,189.75
32,,<music21.chord.Chord C-4 A-4>,note,134548726903776,2.0,190.0
32,,<music21.articulations.Tenuto>,tenuto,134548726904208,0.0,0.0
32,,<music21.note.Note D>,note,134548726328368,2.0,190.0
32,,<music21.note.Note F>,note,134548724208352,0.75,190.0
32,,<music21.note.Note G->,note,134548724208544,0.25,190.75
32,,<music21.note.Note A->,note,134548724208736,0.25,191.0
32,,<music21.note.Note F>,note,134548724208928,0.25,191.25
32,,<music21.note.Note G->,note,134548724209120,0.25,191.5
32,,<music21.note.Note A->,note,134548726902336,0.25,191.75
32,33,<music21.spanner.Slur <music21.note.Note G-><music21.note.Note D>>,slur,134548726904928,5.75,0.0
32,33,<music21.dynamics.Crescendo <music21.note.Note G-><music21.note.Note F>>,diminuendo,134548726904400,,
32,,<music21.expressions.TextExpression 'sonore'>,sonore,134548724206960,0.0,186.0
32,,<music21.expressions.TextExpression 'poco a poco'>,poco a poco,134548726328560,0.0,190.0
32,,<music21.expressions.TextExpression 'cresc.'>,cresc.,134548726328704,0.0,190.0
33,,<music21.note.Rest dotted-whole>,note,134548726614640,6.0,192.0
33,,<music21.chord.Chord C-4 A-4>,note,134548726329088,2.0,192.0
33,,<music21.note.Note F>,note,134548726330432,2.0,192.0
33,,<music21.note.Note D>,note,134548724209360,2.0,192.0
33,,<music21.articulations.Accent>,accent,134548724209456,0.0,0.0
33,,<music21.chord.Chord C-4 A-4>,note,134548726329520,2.0,194.0
33,,<music21.note.Note F>,note,134548726330624,2.0,194.0
33,,<music21.note.Note D>,note,134548724209744,1.0,194.0
33,,<music21.note.Note D>,note,134548726905024,0.25,195.0
33,,<music21.note.Note E->,note,134548726905408,0.25,195.25
33,,<music21.note.Note D>,note,134548724209936,0.25,195.5
33,,<music21.note.Note C>,note,134548724210128,0.25,195.75
33,,<music21.chord.Chord C-4 A-4>,note,134548726329952,2.0,196.0
33,,<music21.note.Note F>,note,134548726330816,2.0,196.0
33,,<music21.note.Note D>,note,134548724210320,0.75,196.0
33,,<music21.note.Note E->,note,134548724210512,0.25,196.75
33,,<music21.note.Note F>,note,134548724210704,0.25,197.0
33,,<music21.note.Note D>,note,134548724210896,0.25,197.25
33,,<music21.note.Note E->,note,134548724211088,0.25,197.5
33,,<music21.note.Note F>,note,134548726904736,0.25,197.75
33,34,<music21.spanner.Slur <music21.note.Note E-><music21.note.Note C->>,slur,134548726905792,5.75,0.0
33,36,<music21.dynamics.Crescendo <music21.note.Note E-><music21.note.Note G->>,diminuendo,134548726905264,,
33,,<music21.expressions.TextExpression 'cresc.'>,cresc.,134548726331008,0.0,194.0
34,,<music21.note.Rest dotted-whole>,note,134548726614832,6.0,198.0
34,,<music21.chord.Chord D4 A-4>,note,134548726331488,2.0,198.0
34,,<music21.note.Note F>,note,134548726332832,2.0,198.0
34,,<music21.note.Note C->,note,134548724211424,2.0,198.0
34,,<music21.articulations.Accent>,accent,134548724211520,0.0,0.0
34,,<music21.chord.Chord D4 A-4>,note,134548726331920,2.0,200.0
34,,<music21.note.Note F>,note,134548726333024,2.0,200.0
34,,<music21.note.Note C->,note,134548724211760,1.0,200.0
34,,<music21.note.Note C->,note,134548726905888,0.25,201.0
34,,<music21.note.Note D->,note,134548726906224,0.25,201.25
34,,<music21.note.Note C->,note,134548724211952,0.25,201.5
34,,<music21.note.Note B->,note,134548724212144,0.25,201.75
34,,<music21.chord.Chord D4 A-4>,note,134548726332352,2.0,202.0
34,,<music21.note.Note F>,note,134548726333216,2.0,202.0
34,,<music21.note.Note C->,note,134548724212336,0.25,202.0
34,,<music21.note.Note B->,note,134548724212528,0.25,202.25
34,,<music21.note.Note A->,note,134548724212720,0.25,202.5
34,,<music21.note.Note B->,note,134548724212912,0.25,202.75
34,,<music21.note.Note C->,note,134548724213104,0.25,203.0
34,,<music21.note.Note A->,note,134548724213296,0.25,203.25
34,,<music21.note.Note B->,note,134548724213488,0.25,203.5
34,,<music21.note.Note C->,note,134548724213680,0.25,203.75
34,35,<music21.spanner.Slur <music21.note.Note D-><music21.note.Note D>>,slur,134548726906128,2.75,0.0
35,,<music21.note.Rest dotted-whole>,note,134548726614976,6.0,204.0
35,,<music21.note.Note C->,note,134548724596864,2.0,204.0
35,,<music21.chord.Chord D4 F4 A-4>,note,134548724599936,2.0,204.0
35,,<music21.note.Note D>,note,134548726906416,2.0,204.0
35,,<music21.articulations.StrongAccent>,strong accent,134548726906512,0.0,0.0
35,,<music21.note.Note C->,note,134548724597152,0.25,206.0
35,,<music21.note.Rest half>,note,134548724600560,2.0,206.0
35,,<music21.note.Rest half>,note,134548724213968,2.0,206.0
35,,<music21.note.Rest half>,note,134548724214208,2.0,206.0
35,,<music21.note.Note B->,note,134548726906800,0.25,206.25
35,,<music21.note.Note A->,note,134548727202400,0.25,206.5
35,,<music21.note.Note G->,note,134548724597392,0.25,206.75
35,,<music21.note.Note F>,note,134548724597584,0.25,207.0
35,,<music21.note.Note E->,note,134548724597776,0.25,207.25
35,,<music21.note.Note D>,note,134548724597968,0.25,207.5
35,,<music21.note.Note F>,note,134548724598160,0.25,207.75
35,,<music21.note.Note A->,note,134548724598352,0.25,208.0
35,,<music21.note.Rest half>,note,134548724600656,2.0,208.0
35,,<music21.note.Rest half>,note,134548724214064,2.0,208.0
35,,<music21.note.Rest half>,note,134548724214304,2.0,208.0
35,,<music21.note.Note C->,note,134548724598544,0.25,208.25
35,,<music21.note.Note D>,note,134548724598736,0.25,208.5
35,,<music21.note.Note F>,note,134548724598928,0.25,208.75
35,,<music21.note.Note A->,note,134548724599120,0.25,209.0
35,,<music21.note.Note C->,note,134548724599312,0.25,209.25
35,,<music21.note.Note B->,note,134548724599504,0.25,209.5
35,,<music21.note.Note D>,note,134548724599696,0.25,209.75
35,36,<music21.spanner.Slur <music21.note.Note B-><music21.note.Note E->>,slur,134548726906704,3.75,0.0
35,,<music21.dynamics.Dynamic f>,f,134548724600752,,
35,,<music21.dynamics.Dynamic mf>,mf,134548724600896,,
35,,<music21.expressions.TextExpression 'molto'>,molto,134548724601040,0.0,206.5
35,,<music21.expressions.TextExpression 'cresc.'>,cresc.,134548724601232,0.0,206.5
36,,<music21.note.Rest dotted-whole>,note,134548726615168,6.0,210.0
36,,<music21.note.Note E->,note,134548727201968,1.5,210.0
36,,<music21.articulations.Tenuto>,tenuto,134548727202064,0.0,0.0
36,,<music21.note.Rest quarter>,note,134548724601712,1.0,210.0
36,,<music21.note.Rest dotted-quarter>,note,134548724602432,1.5,210.0
36,,<music21.note.Rest quarter>,note,134548724603152,1.0,210.0
36,,<music21.note.Rest half>,note,134548724603488,2.0,210.0
36,,<music21.note.Rest quarter>,note,134548724214592,1.0,210.0
36,,<music21.note.Rest dotted-quarter>,note,134548724214928,1.5,210.0
36,,<music21.note.Rest quarter>,note,134548724215072,1.0,210.0
36,,<music21.note.Rest quarter>,note,134548724215168,1.0,210.0
36,,<music21.note.Rest half>,note,134548724216944,2.0,210.0
36,,<music21.note.Rest eighth>,note,134548724601808,0.5,211.0
36,,<music21.note.Rest eighth>,note,134548724603248,0.5,211.0
36,,<music21.note.Rest eighth>,note,134548724214688,0.5,211.0
36,,<music21.note.Rest eighth>,note,134548724215264,0.5,211.0
36,,<music21.note.Rest eighth>,note,134548724215360,0.5,211.0
36,,<music21.note.Note B->,note,134548724601904,0.5,211.5
36,,<music21.note.Note G->,note,134548724602528,0.5,211.5
36,,<music21.note.Rest eighth>,note,134548724603344,0.5,211.5
36,,<music21.chord.Chord E-2 E-3>,note,134548724215456,0.5,211.5
36,,<music21.articulations.Tenuto>,tenuto,134548724215888,0.0,0.0
36,,<music21.note.Rest eighth>,note,134548724215936,0.5,211.5
36,,<music21.note.Note A->,note,134548727203264,0.0,212.0
36,,<music21.note.Note G->,note,134548726905600,2.0,212.0
36,,<music21.note.Note E->,note,134548724602720,2.0,212.0
36,,<music21.chord.Chord E-3 G-3>,note,134548724216032,2.0,212.0
36,,<music21.note.Note B->,note,134548724217040,2.0,212.0
36,,<music21.note.Rest dotted-quarter>,note,134548724602096,1.5,212.5
36,,<music21.note.Rest dotted-quarter>,note,134548724214784,1.5,212.5
36,,<music21.note.Note F>,note,134548727203744,0.5,214.0
36,,<music21.note.Note D>,note,134548724602912,2.0,214.0
36,,<music21.chord.Chord F3 A-3>,note,134548724216464,2.0,214.0
36,,<music21.note.Note B->,note,134548724217232,2.0,214.0
36,,<music21.note.Note E->,note,134548724602192,0.5,214.5
36,,<music21.note.Note F>,note,134548727204224,1.0,215.0
36,36,<music21.spanner.Slur <music21.note.Note A-><music21.note.Note G->>,slur,134548727203168,0.0,0.0
36,36,<music21.spanner.Slur <music21.note.Note F><music21.note.Note F>>,slur,134548727204128,1.0,0.0
36,37,<music21.dynamics.Diminuendo <music21.note.Note E-><music21.note.Note B->>,diminuendo,134548727202736,,
36,,<music21.expressions.TextExpression 'dim.'>,dim.,134548724603584,0.0,214.0
37,,<music21.note.Rest dotted-whole>,note,134548726615312,6.0,216.0
37,,<music21.note.Note E->,note,134548724604064,2.0,216.0
37,,<music21.articulations.Accent>,accent,134548724604160,0.0,0.0
37,,<music21.chord.Chord G3 B-3 D-4>,note,134548724217520,2.0,216.0
37,,<music21.note.Note E->,note,134548724219440,2.0,216.0
37,,<music21.note.Note E->,note,134548724604448,1.0,218.0
37,,<music21.chord.Chord G3 B-3 D-4>,note,134548724218144,2.0,218.0
37,,<music21.note.Note E->,note,134548724219632,2.0,218.0
37,,<music21.note.Note E->,note,134548724604640,0.25,219.0
37,,<music21.note.Note F>,note,134548727204656,0.25,219.25
37,,<music21.note.Note G>,note,134548724604880,0.25,219.5
37,,<music21.note.Note A->,note,134548724605072,0.25,219.75
37,,<music21.note.Note B->,note,134548727202880,1.0,220.0
37,,<music21.chord.Chord G3 B-3 D-4>,note,134548724218768,2.0,220.0
37,,<music21.note.Note E->,note,134548724219824,2.0,220.0
37,,<music21.note.Note B->,note,134548727205568,0.25,221.0
37,,<music21.note.Note F->,note,134548724605264,0.25,221.25
37,,<music21.note.Note E->,note,134548724605456,0.25,221.5
37,,<music21.note.Note D->,note,134548727204848,0.25,221.75
37,38,<music21.spanner.Slur <music21.note.Note F><music21.note.Note E->>,slur,134548727204512,5.5,0.0
37,,<music21.dynamics.Dynamic pp>,pp,134548724603920,,
37,37,<music21.dynamics.Crescendo <music21.note.Note F><music21.note.Note D->>,diminuendo,134548727204464,,
37,38,<music21.dynamics.Diminuendo <music21.note.Note B-><music21.note.Note C->>,diminuendo,134548727205424,,
38,,<music21.note.Rest dotted-whole>,note,134548726615504,6.0,222.0
38,,<music21.note.Note C->,note,134548727206192,2.0,222.0
38,,<music21.note.Rest half>,note,134548724608288,2.0,222.0
38,,<music21.note.Rest half>,note,134548724608432,2.0,222.0
38,,<music21.chord.Chord E-3 A-3>,note,134548722549104,2.0,222.0
38,,<music21.note.Rest half>,note,134548722549536,2.0,222.0
38,,<music21.note.Rest half>,note,134548722550544,2.0,222.0
38,,<music21.note.Note C->,note,134548724605840,0.75,224.0
38,,<music21.chord.Chord E-3 A-3>,note,134548722549632,2.0,224.0
38,,<music21.note.Note C->,note,134548727206480,4.0,224.0
38,,<music21.note.Note E->,note,134548727205088,0.25,224.75
38,,<music21.note.Note F>,note,134548724606080,0.25,225.0
38,,<music21.note.Note G>,note,134548724606272,0.25,225.25
38,,<music21.note.Note A->,note,134548724606464,0.25,225.5
38,,<music21.note.Note B->,note,134548724606656,0.25,225.75
38,,<music21.note.Note C->,note,134548727205808,0.5,226.0
38,,<music21.chord.Chord E-3 A-3>,note,134548722550064,2.0,226.0
38,,<music21.note.Note C->,note,134548724606848,0.125,226.5
38,,<music21.note.Note B->,note,134548724607088,0.125,226.625
38,,<music21.note.Note A->,note,134548724607280,0.125,226.75
38,,<music21.note.Note G->,note,134548724607472,0.125,226.875
38,,<music21.note.Note F>,note,134548724607664,0.25,227.0
38,,<music21.note.Note G->,note,134548724607856,0.25,227.25
38,,<music21.note.Note A->,note,134548724608048,0.25,227.5
38,,<music21.note.Note F>,note,134548727206816,0.25,227.75
38,38,<music21.spanner.Slur <music21.note.Note C-><music21.note.Note C->>,slur,134548727206096,2.0,0.0
38,39,<music21.spanner.Slur <music21.note.Note E-><music21.note.Note D>>,slur,134548727206672,7.25,0.0
38,38,<music21.dynamics.Crescendo <music21.note.Note E-><music21.note.Note F>>,diminuendo,134548727206624,,
39,,<music21.note.Rest dotted-whole>,note,134548726615648,6.0,228.0
39,,<music21.note.Note D>,note,134548724608816,4.0,228.0
39,,<music21.note.Rest quarter>,note,134548724609344,1.0,228.0
39,,<music21.note.Note F>,note,134548722550880,2.0,228.0
39,,<music21.note.Note E->,note,134548722551312,2.0,228.0
39,,<music21.note.Rest eighth>,note,134548724609440,0.5,229.0
39,,<music21.note.Note C->,note,134548727207392,0.25,229.5
39,,<music21.note.Note B->,note,134548724609536,0.25,229.75
39,,<music21.note.Note C->,note,134548724609728,1.5,230.0
39,,<music21.note.Note F>,note,134548722551072,2.0,230.0
39,,<music21.note.Note E->,note,134548722551504,2.0,230.0
39,,<music21.note.Note A->,note,134548724609920,0.5,231.5
39,,<music21.note.Note D>,note,134548727207056,1.5,232.0
39,,<music21.note.Rest half>,note,134548724610112,2.0,232.0
39,,<music21.note.Note F>,note,134548724610256,2.0,232.0
39,,<music21.note.Rest half>,note,134548722550736,2.0,232.0
39,,<music21.note.Note E->,note,134548722551696,2.0,232.0
39,,<music21.note.Note D>,note,134548724609008,0.5,233.5
39,,<music21.articulations.Tenuto>,tenuto,134548724609104,0.0,0.0
39,40,<music21.spanner.Slur <music21.note.Note C-><music21.chord.Chord G3 B-3 E-4>>,slur,134548727207296,4.5,0.0
39,,<music21.expressions.TextExpression 'calando'>,calando,134548724608576,0.0,228.0
40,,<music21.note.Rest dotted-whole>,note,134548726615792,6.0,234.0
40,,<music21.chord.Chord G3 B-3 E-4>,note,134548727207584,6.0,234.0
40,,<music21.chord.Chord E-2 B-2 E-3>,note,134548722551936,6.0,234.0
